time,latitude,longitude,depth,mag,place,type,Year,Mo,Dy,Date,timestamp,Hr,Mn,Sec,Val,Tsunami Cause Code,Focal Depth (km),Vol,Deposits,Country,Area,Region,Location Name,lat,long,Maximum Water Height (m),Number of Runups,Tsunami Magnitude (Abe),Tsunami Magnitude (Iida),Tsunami Intensity,Deaths,Missing,Injuries,Damage ($Mil),_merge,gid,Max Distance,timestamp2
,,,,7.7,,,1950.0,10.0,5.0,,1950-10-05,16.0,9.0,31.0,4.0,1.0,33.0,,0.0,COSTA RICA,,88.0,COSTA RICA-NICARAGUA,11.0,-85.0,0.1,8.0,,-3.3,-2.0,,,,,right_only,3,7979.0,1950-10-05
,,,,7.5,,,1950.0,10.0,23.0,,1950-10-23,16.0,13.0,20.0,4.0,1.0,65.0,,0.0,GUATEMALA,,88.0,GUATEMALA,14.31,-91.917,0.2,5.0,,-1.3,-1.0,,,,,right_only,5,7150.0,1950-10-23
,,,,7.3,,,1950.0,11.0,8.0,,1950-11-08,2.0,18.0,12.0,3.0,1.0,33.0,,0.0,SOLOMON ISLANDS,,82.0,SOLOMON SEA,-10.0,159.5,1.2,2.0,,,,,,,,right_only,6,79.0,1950-11-08
,,,,7.8,,,1950.0,12.0,2.0,,1950-12-02,19.0,51.0,49.0,3.0,1.0,60.0,,0.0,VANUATU,,82.0,VANUATU ISLANDS,-18.25,167.5,2.5,5.0,,,,,,,,right_only,7,484.0,1950-12-02
,,,,7.5,,,1950.0,12.0,14.0,,1950-12-14,14.0,15.0,49.0,4.0,1.0,50.0,,0.0,MEXICO,,88.0,S. MEXICO,16.48,-98.22,0.3,2.0,,-1.5,,,,,,right_only,9,6433.0,1950-12-14
,,,,6.1,,,1951.0,2.0,22.0,,1951-02-22,1.0,45.0,48.9,2.0,1.0,25.0,,0.0,PAPUA NEW GUINEA,,82.0,BISMARCK SEA,-3.252,142.238,6.0,1.0,,,,,,,,right_only,10,17.0,1951-02-22
,,,,6.9,,,1951.0,8.0,21.0,,1951-08-21,10.0,57.0,0.0,4.0,1.0,12.0,,0.0,USA,HI,80.0,HAWAII,19.5,-156.0,3.6,7.0,,1.8,0.5,,,,,right_only,11,459.0,1951-08-21
,,,,7.3,,,1951.0,10.0,22.0,,1951-10-22,5.0,43.0,1.0,4.0,1.0,21.0,,0.0,TAIWAN,,84.0,TAIWAN,23.8,121.7,0.3,2.0,,,,,,,,right_only,12,9517.0,1951-10-22
,,,,8.1,,,1952.0,3.0,4.0,,1952-03-04,1.0,22.0,41.0,4.0,1.0,45.0,,0.0,JAPAN,,85.0,SE. HOKKAIDO ISLAND,42.15,143.85,6.54,218.0,,2.7,2.0,33.0,,,,right_only,13,14840.0,1952-03-04
,,,,7.0,,,1952.0,3.0,9.0,,1952-03-09,17.0,4.0,0.0,4.0,1.0,20.0,,0.0,JAPAN,,85.0,SE. HOKKAIDO ISLAND,41.7,143.6,0.3,4.0,,-1.7,-2.0,,,,,right_only,14,7791.0,1952-03-09
,,,,4.5,,,1952.0,3.0,17.0,,1952-03-17,3.0,58.0,0.0,4.0,1.0,33.0,,0.0,USA,HI,80.0,HAWAII,19.1,-155.0,1.0,2.0,,,0.0,,,,,right_only,15,4091.0,1952-03-17
,,,,7.8,,,1952.0,3.0,19.0,,1952-03-19,10.0,57.0,12.0,4.0,1.0,25.0,,0.0,PHILIPPINES,,84.0,"E. OF MINDANO, PHILIPPINES",9.5,127.25,0.33,5.0,,,,,,,,right_only,16,7338.0,1952-03-19
,,,,6.9,,,1952.0,5.0,13.0,,1952-05-13,19.0,32.0,0.0,2.0,1.0,64.0,,0.0,COSTA RICA,,88.0,COSTA RICA-PANAMA,10.3,-85.3,0.1,2.0,,-3.3,-3.0,,,,,right_only,17,9803.0,1952-05-13
,,,,6.8,,,1952.0,7.0,13.0,,1952-07-13,11.0,58.0,33.0,2.0,1.0,260.0,,0.0,VANUATU,,82.0,OFF EAST COAST OF VANUATU,-18.5,169.25,,2.0,,,,,,,,right_only,18,2713.0,1952-07-13
,,,,9.0,,,1952.0,11.0,4.0,,1952-11-04,16.0,58.0,27.9,4.0,1.0,22.0,,6.0,RUSSIA,,86.0,KAMCHATKA,52.755,160.05700000000002,23.0,327.0,,4.2,4.0,10000.0,,,1.0,right_only,19,15578.0,1952-11-04
,,,,7.2,,,1953.0,5.0,31.0,,1953-05-31,19.0,58.0,,2.0,1.0,33.0,,0.0,DOMINICAN REPUBLIC,,74.0,PUERTO PLATA,19.8,-70.7,0.06,1.0,,-3.3,,,,,,right_only,19,,1953-05-31
,,,,6.4,,,1953.0,9.0,14.0,,1953-09-14,0.0,26.0,36.0,4.0,3.0,33.0,,2.0,FIJI,,81.0,FIJI ISLANDS,-18.3,178.2,15.0,31.0,,1.0,1.0,5.0,,12.0,,right_only,21,5160.0,1953-09-14
,,,,7.4,,,1953.0,11.0,25.0,,1953-11-25,17.0,48.0,,4.0,1.0,60.0,,0.0,JAPAN,,85.0,"KASHIMA, JAPAN",34.0,141.7,3.0,33.0,,1.5,1.5,,,,,right_only,21,,1953-11-25
,,,,7.4,,,1953.0,12.0,12.0,,1953-12-12,17.0,31.0,25.0,4.0,1.0,30.0,,0.0,PERU,,89.0,N. PERU,-3.4,-80.6,1.0,2.0,,-1.0,0.5,,,,,right_only,22,152.0,1953-12-12
,,,,6.1,,,1954.0,11.0,18.0,,1954-11-18,20.0,44.0,55.0,4.0,1.0,30.0,,0.0,JAPAN,,85.0,"MIYAGI, JAPAN",38.9,142.2,,3.0,,,-1.0,,,,,right_only,24,247.0,1954-11-18
,,,,7.1,,,1955.0,4.0,19.0,,1955-04-19,20.0,24.0,5.0,4.0,1.0,30.0,,0.0,CHILE,,89.0,CENTRAL CHILE,-30.0,-72.0,1.0,7.0,,,1.0,1.0,,,,right_only,26,10800.0,1955-04-19
,,,,6.5,,,1955.0,9.0,8.0,,1955-09-08,3.0,27.0,14.0,3.0,1.0,33.0,,0.0,PAPUA NEW GUINEA,,82.0,SOLOMON SEA,-6.9,155.7,,1.0,,,,,,,,right_only,27,42.0,1955-09-08
,,,,7.3,,,1955.0,10.0,10.0,,1955-10-10,8.0,57.0,52.9,3.0,1.0,35.0,,0.0,PAPUA NEW GUINEA,,82.0,BISMARCK SEA,-5.1,152.924,,1.0,,,,,,,,right_only,28,130.0,1955-10-10
,,,,6.3,,,1956.0,3.0,5.0,,1956-03-05,23.0,29.0,,4.0,1.0,20.0,,0.0,JAPAN,,85.0,NE. HOKKAIDO ISLAND,44.3,144.1,0.4,1.0,,-1.3,-2.0,,,,,right_only,28,,1956-03-05
,,,,7.8,,,1956.0,7.0,9.0,,1956-07-09,3.0,11.0,39.0,4.0,1.0,20.0,,3.0,GREECE,,50.0,CYCLADES,36.9,26.0,30.0,100.0,,5.0,5.0,3.0,,,,right_only,29,1893.0,1956-07-09
,,,,8.6,,,1957.0,3.0,9.0,,1957-03-09,14.0,22.0,31.9,4.0,1.0,33.0,,6.0,USA,AK,87.0,"ANDREANOF ISLANDS, AK",51.292,-175.62900000000002,32.0,332.0,,3.9,3.0,2.0,,1.0,,right_only,31,13915.0,1957-03-09
,,,,7.9,,,1957.0,7.0,28.0,,1957-07-28,8.0,40.0,1.0,4.0,1.0,25.0,,0.0,MEXICO,,88.0,S. MEXICO,16.5,-99.1,1.3,3.0,,1.3,0.5,,,,,right_only,33,623.0,1957-07-28
,,,,7.6,,,1958.0,1.0,19.0,,1958-01-19,14.0,7.0,27.0,4.0,1.0,60.0,,0.0,ECUADOR,,89.0,COLOMBIA-ECUADOR,1.5,-79.5,,3.0,,,2.0,4.0,,,,right_only,35,416.0,1958-01-19
,,,,7.8,,,1958.0,7.0,10.0,,1958-07-10,6.0,15.0,59.9,4.0,3.0,35.0,,2.0,USA,AK,87.0,"SE. ALASKA, AK",58.37,-136.665,524.6,17.0,,4.6,5.0,5.0,,,0.1,right_only,36,4549.0,1958-07-10
,,,,5.0,,,1958.0,9.0,17.0,,1958-09-17,12.0,24.0,,2.0,1.0,40.0,,0.0,RUSSIA,,86.0,N. KURIL ISLANDS,48.6,156.1,0.23,1.0,,-2.3,-1.0,,,,,right_only,36,,1958-09-17
,,,,8.3,,,1958.0,11.0,6.0,,1958-11-06,22.0,58.0,8.6,4.0,1.0,40.0,,0.0,RUSSIA,,86.0,S. KURIL ISLANDS,44.53,148.54,5.0,60.0,,2.0,2.5,,,,,right_only,37,13454.0,1958-11-06
,,,,7.0,,,1958.0,11.0,12.0,,1958-11-12,20.0,23.0,,2.0,1.0,29.0,,0.0,RUSSIA,,86.0,S. KURIL ISLANDS,44.2,148.8,1.0,8.0,,,-1.0,,,,,right_only,37,,1958-11-12
,,,,6.8,,,1959.0,1.0,22.0,,1959-01-22,5.0,10.0,0.0,4.0,1.0,40.0,,0.0,JAPAN,,85.0,SANRIKU,37.5,142.2,0.8,9.0,,-0.3,-2.0,,,,,right_only,38,240.0,1959-01-22
,,,,5.0,,,1959.0,4.0,9.0,,1959-04-09,12.0,24.0,20.0,2.0,1.0,40.0,,0.0,RUSSIA,,86.0,S. KURIL ISLANDS,44.3,149.0,0.1,1.0,,-3.3,-2.0,,,,,right_only,39,252.0,1959-04-09
,,,,8.2,,,1959.0,5.0,4.0,,1959-05-04,7.0,15.0,42.0,4.0,1.0,60.0,,0.0,RUSSIA,,86.0,KAMCHATKA,52.5,159.5,0.2,7.0,,1.0,1.0,,,,,right_only,40,5333.0,1959-05-04
,,,,7.3,,,1959.0,8.0,17.0,,1959-08-17,21.0,4.0,40.0,4.0,1.0,33.0,,0.0,SOLOMON ISLANDS,,82.0,SOLOMON ISLANDS,-7.5,156.0,1.0,5.0,,1.3,,,,,,right_only,41,93.0,1959-08-17
,,,,6.7,,,1959.0,10.0,26.0,,1959-10-26,7.0,35.0,0.0,4.0,1.0,10.0,,0.0,JAPAN,,85.0,SANRIKU,37.5,143.2,0.11,8.0,,-3.3,-4.0,,,,,right_only,42,285.0,1959-10-26
,,,,7.5,,,1960.0,3.0,20.0,,1960-03-20,17.0,7.0,30.0,4.0,1.0,20.0,,0.0,JAPAN,,85.0,SANRIKU,39.8,143.4,1.0,19.0,,0.0,-2.0,,,,,right_only,43,427.0,1960-03-20
,,,,6.7,,,1960.0,3.0,23.0,,1960-03-23,0.0,23.0,,4.0,1.0,20.0,,0.0,JAPAN,,85.0,SANRIKU,39.4,143.7,0.75,12.0,,-1.0,-2.5,,,,,right_only,43,,1960-03-23
,,,,8.2,,,1960.0,5.0,21.0,,1960-05-21,10.0,2.0,50.0,4.0,1.0,35.0,,0.0,CHILE,,89.0,CENTRAL CHILE,-37.872,-73.243,0.3,2.0,,,-1.0,,,,,right_only,44,10658.0,1960-05-21
,,,,9.5,,,1960.0,5.0,22.0,,1960-05-22,19.0,11.0,17.0,4.0,1.0,33.0,4153.0,23.0,CHILE,,89.0,SOUTHERN CHILE,-38.143,-73.407,25.0,1215.0,,4.6,4.0,2226.0,,3000.0,1000.0,right_only,45,18111.0,1960-05-22
,,,,6.6,,,1960.0,6.0,11.0,,1960-06-11,15.0,14.0,9.0,3.0,1.0,33.0,,0.0,PAPUA NEW GUINEA,,82.0,SOLOMON SEA,-9.4,152.3,,1.0,,-0.5,0.0,,,,,right_only,46,74.0,1960-06-11
,,,,6.7,,,1960.0,7.0,29.0,,1960-07-29,17.0,31.0,45.0,4.0,1.0,30.0,,0.0,JAPAN,,85.0,SANRIKU,40.3,142.5,0.3,5.0,,-1.0,-3.0,,,,,right_only,47,239.0,1960-07-29
,,,,6.8,,,1960.0,11.0,20.0,,1960-11-20,22.0,1.0,56.4,3.0,1.0,93.0,,0.0,PERU,,89.0,N. PERU,-6.8,-80.7,9.0,19.0,,3.2,4.0,66.0,,2.0,0.55,right_only,48,14644.0,1960-11-20
,,,,6.8,,,1961.0,1.0,16.0,,1961-01-16,7.0,20.0,0.0,4.0,1.0,40.0,,0.0,JAPAN,,85.0,"KASHIMA, JAPAN",36.0,142.3,0.4,5.0,,-1.3,-2.0,,,,,right_only,49,265.0,1961-01-16
,,,,6.4,,,1961.0,1.0,16.0,,1961-01-16,11.0,19.0,0.0,4.0,1.0,20.0,,0.0,JAPAN,,85.0,"KASHIMA, JAPAN",36.0,141.9,0.4,2.0,,-1.3,-2.0,,,,,right_only,50,137.0,1961-01-16
,,,,6.5,,,1961.0,1.0,16.0,,1961-01-16,12.0,12.0,0.0,4.0,1.0,20.0,,0.0,JAPAN,,85.0,"KASHIMA, JAPAN",36.2,141.9,0.4,4.0,,-1.3,-2.0,,,,,right_only,51,236.0,1961-01-16
,,,,6.6,,,1961.0,2.0,12.0,,1961-02-12,21.0,53.0,0.0,4.0,1.0,80.0,,0.0,RUSSIA,,86.0,S. KURIL ISLANDS,43.2,147.9,1.0,5.0,,,-0.5,,,,,right_only,52,388.0,1961-02-12
,,,,7.6,,,1961.0,2.0,26.0,,1961-02-26,18.0,10.0,48.7,4.0,1.0,74.0,,0.0,JAPAN,,85.0,SEIKAIDO,31.6,131.8,0.65,34.0,,,-0.5,,,,,right_only,53,915.0,1961-02-26
,,,,6.6,,,1961.0,7.0,18.0,,1961-07-18,14.0,4.0,0.0,4.0,1.0,60.0,,0.0,JAPAN,,85.0,RYUKYU ISLANDS,29.6,131.8,0.2,6.0,,-2.3,-3.0,,,,,right_only,54,984.0,1961-07-18
,,,,7.3,,,1961.0,7.0,23.0,,1961-07-23,21.0,51.0,10.5,3.0,1.0,45.0,,0.0,VANUATU,,82.0,VANUATU ISLANDS,-18.421,168.41099999999997,0.9,2.0,,,-0.5,,,,,right_only,55,85.0,1961-07-23
,,,,7.0,,,1961.0,8.0,11.0,,1961-08-11,15.0,51.0,0.0,4.0,1.0,80.0,,0.0,JAPAN,,85.0,SE. HOKKAIDO ISLAND,42.9,145.6,0.1,9.0,,-3.3,-4.0,,,,,right_only,56,440.0,1961-08-11
,,,,6.9,,,1961.0,11.0,15.0,,1961-11-15,7.0,17.0,0.0,4.0,1.0,60.0,,0.0,JAPAN,,85.0,SE. HOKKAIDO ISLAND,42.7,145.7,0.1,9.0,,-3.3,-3.5,,,,,right_only,57,498.0,1961-11-15
,,,,6.1,,,1962.0,1.0,11.0,,1962-01-11,5.0,5.0,,3.0,1.0,33.0,,0.0,CROATIA,,50.0,DALMATIAN COASTS,43.3,17.1,0.04,1.0,,,,,,,,right_only,57,,1962-01-11
,,,,6.8,,,1962.0,3.0,12.0,,1962-03-12,11.0,40.0,16.7,3.0,1.0,35.0,,0.0,PANAMA,,88.0,COSTA RICA-PANAMA,8.008,-82.757,0.1,2.0,,-3.3,,,,,,right_only,58,1249.0,1962-03-12
,,,,7.2,,,1962.0,4.0,12.0,,1962-04-12,0.0,52.0,43.0,4.0,1.0,25.0,,0.0,JAPAN,,85.0,SANRIKU,38.073,142.741,1.0,12.0,,,-2.0,,,,,right_only,59,307.0,1962-04-12
,,,,7.0,,,1962.0,4.0,23.0,,1962-04-23,5.0,58.0,0.0,4.0,1.0,60.0,,0.0,JAPAN,,85.0,SE. HOKKAIDO ISLAND,42.2,143.9,0.1,10.0,,-3.3,-3.5,,,,,right_only,60,326.0,1962-04-23
,,,,7.0,,,1962.0,5.0,11.0,,1962-05-11,14.0,11.0,54.1,4.0,1.0,40.0,,0.0,MEXICO,,88.0,S. MEXICO,17.2,-99.6,0.81,1.0,,-0.3,0.0,,,,,right_only,61,53.0,1962-05-11
,,,,7.2,,,1962.0,5.0,19.0,,1962-05-19,14.0,58.0,15.0,3.0,1.0,33.0,,0.0,MEXICO,,88.0,S. MEXICO,17.2,-99.5,0.34,1.0,,,,,,,,right_only,62,60.0,1962-05-19
,,,,5.7,,,1962.0,5.0,21.0,,1962-05-21,12.0,21.0,,2.0,1.0,60.0,,0.0,JAPAN,,85.0,OFF COAST OF HONSHU ISLAND,41.8,142.4,0.1,1.0,,,-2.0,,,,,right_only,62,,1962-05-21
,,,,7.3,,,1963.0,2.0,13.0,,1963-02-13,8.0,50.0,4.5,4.0,1.0,47.0,,0.0,TAIWAN,,84.0,E. TAIWAN-RYUKYU ISLANDS,24.4,122.1,0.2,2.0,,-2.3,-2.0,,,,,right_only,63,8466.0,1963-02-13
,,,,7.1,,,1963.0,10.0,12.0,,1963-10-12,11.0,27.0,0.2,4.0,1.0,48.0,,0.0,RUSSIA,,86.0,S. KURIL ISLANDS,44.426,149.27200000000002,0.12,3.0,,-3.3,-2.0,,,,,right_only,64,648.0,1963-10-12
,,,,8.5,,,1963.0,10.0,13.0,,1963-10-13,5.0,17.0,53.4,4.0,1.0,13.0,,0.0,RUSSIA,,86.0,S. KURIL ISLANDS,44.772,149.798,4.5,90.0,,2.3,2.5,,,,,right_only,65,10598.0,1963-10-13
,,,,7.9,,,1963.0,10.0,20.0,,1963-10-20,0.0,53.0,10.9,4.0,1.0,28.0,,0.0,RUSSIA,,86.0,S. KURIL ISLANDS,44.772,150.563,15.0,22.0,,3.9,3.0,,,,,right_only,66,9211.0,1963-10-20
,,,,6.6,,,1963.0,12.0,16.0,,1963-12-16,1.0,51.0,31.0,2.0,1.0,64.0,,0.0,INDONESIA,,60.0,JAVA,-6.4,105.4,,1.0,,-0.5,0.0,,,,,right_only,67,46.0,1963-12-16
,,,,7.2,,,1963.0,12.0,18.0,,1963-12-18,0.0,30.0,0.0,2.0,1.0,46.0,,0.0,TONGA,,81.0,TONGA TRENCH,-24.8,-176.6,,1.0,,,0.5,,,,,right_only,68,2913.0,1963-12-18
,,,,9.2,,,1964.0,3.0,28.0,,1964-03-28,3.0,36.0,14.0,4.0,3.0,33.0,,19.0,USA,AK,87.0,"PRINCE WILLIAM SOUND, AK",61.016999999999996,-147.648,51.8,425.0,,6.1,3.5,124.0,,,116.0,right_only,69,15759.0,1964-03-28
,,,,7.0,,,1964.0,4.0,2.0,,1964-04-02,1.0,11.0,51.0,3.0,3.0,100.0,,0.0,INDONESIA,,60.0,OFF NORTHWEST COAST OF INDONESIA,5.8,95.4,,1.0,,-0.5,0.0,,,,,right_only,70,30.0,1964-04-02
,,,,6.9,,,1964.0,5.0,7.0,,1964-05-07,7.0,58.0,0.0,4.0,1.0,30.0,,0.0,JAPAN,,85.0,NW. HONSHU ISLAND,40.3,139.0,0.6,35.0,,-0.1,0.0,,,,,right_only,72,856.0,1964-05-07
,,,,7.5,,,1964.0,6.0,16.0,,1964-06-16,4.0,1.0,44.3,4.0,1.0,40.0,,1.0,JAPAN,,85.0,NW. HONSHU ISLAND,38.65,139.2,5.8,168.0,,2.7,2.0,26.0,,450.0,80.0,right_only,73,7858.0,1964-06-16
,,,,6.8,,,1964.0,7.0,24.0,,1964-07-24,8.0,12.0,39.0,4.0,1.0,15.0,,0.0,RUSSIA,,86.0,S. KURIL ISLANDS,47.159,153.876,0.08,5.0,,-3.3,-2.0,,,,,right_only,74,994.0,1964-07-24
,,,,7.6,,,1964.0,11.0,17.0,,1964-11-17,8.0,15.0,39.3,3.0,1.0,45.0,,0.0,PAPUA NEW GUINEA,,82.0,NEW BRITAIN,-5.7,150.7,0.05,1.0,,,,,,,,right_only,75,232.0,1964-11-17
,,,,6.3,,,1964.0,12.0,10.0,,1964-12-10,15.0,11.0,7.6,4.0,1.0,40.0,,0.0,JAPAN,,85.0,NW. HONSHU ISLAND,40.4,138.9,0.1,4.0,,-3.3,-3.0,,,,,right_only,76,91.0,1964-12-10
,,,,7.6,,,1965.0,1.0,24.0,,1965-01-24,0.0,11.0,12.1,4.0,1.0,6.0,,0.0,INDONESIA,,83.0,SANANA ISLAND,-2.4,126.1,,4.0,,2.0,2.0,71.0,,,,right_only,78,7059.0,1965-01-24
,,,,8.7,,,1965.0,2.0,4.0,,1965-02-04,5.0,1.0,21.6,4.0,1.0,36.0,,0.0,USA,AK,87.0,"RAT ISLANDS, ALEUTIAN ISLANDS, AK",51.29,178.55,10.7,83.0,,3.3,2.5,,,,0.01,right_only,79,12046.0,1965-02-04
,,,,6.3,,,1965.0,3.0,9.0,,1965-03-09,17.0,57.0,53.7,3.0,1.0,18.0,,0.0,GREECE,,50.0,AEGEAN SEA,39.4,24.0,,2.0,,,,,,,,right_only,80,90.0,1965-03-09
,,,,7.6,,,1965.0,3.0,30.0,,1965-03-30,2.0,27.0,3.4,4.0,1.0,20.0,,0.0,USA,AK,87.0,"RAT ISLANDS, ALEUTIAN ISLANDS, AK",50.32,177.93,0.1,3.0,,-2.3,-1.0,,,,,right_only,81,7270.0,1965-03-30
,,,,6.5,,,1965.0,7.0,2.0,,1965-07-02,20.0,58.0,38.1,4.0,1.0,40.0,,0.0,USA,AK,87.0,"FOX ISLANDS, ALEUTIAN ISLANDS, AK",53.03,-167.55,0.08,3.0,,-3.3,-2.0,,,,,right_only,83,7492.0,1965-07-02
,,,,7.0,,,1965.0,8.0,11.0,,1965-08-11,22.0,31.0,45.9,4.0,1.0,13.0,,0.0,VANUATU,,82.0,VANUATU ISLANDS,-15.8,167.2,7.0,4.0,,2.8,2.5,,,,,right_only,84,2380.0,1965-08-11
,,,,7.3,,,1965.0,8.0,13.0,,1965-08-13,12.0,40.0,32.0,2.0,1.0,33.0,,0.0,VANUATU,,82.0,VANUATU ISLANDS,-15.9,166.8,2.0,1.0,,1.0,1.0,,,,,right_only,85,72.0,1965-08-13
,,,,7.6,,,1966.0,3.0,12.0,,1966-03-12,16.0,31.0,21.8,3.0,1.0,48.0,,0.0,TAIWAN,,84.0,E. TAIWAN-RYUKYU ISLANDS,24.1,122.6,0.1,5.0,,-3.3,0.0,,,,,right_only,87,1285.0,1966-03-12
,,,,7.1,,,1966.0,6.0,15.0,,1966-06-15,0.0,59.0,42.7,3.0,1.0,31.0,,0.0,SOLOMON ISLANDS,,82.0,SOLOMON ISLANDS,-10.343,160.88299999999998,0.2,3.0,,0.5,1.0,,,,,right_only,88,144.0,1966-06-15
,,,,8.1,,,1966.0,10.0,17.0,,1966-10-17,21.0,41.0,56.0,4.0,1.0,38.0,,0.0,PERU,,89.0,CENTRAL PERU,-10.748,-78.638,3.0,60.0,,-1.0,1.5,,,,2.0,right_only,89,16160.0,1966-10-17
,,,,7.8,,,1966.0,12.0,28.0,,1966-12-28,8.0,18.0,7.4,4.0,1.0,47.0,,0.0,CHILE,,89.0,NORTHERN CHILE,-25.5,-70.7,0.42,13.0,,,0.5,,,,,right_only,90,14129.0,1966-12-28
,,,,7.8,,,1966.0,12.0,31.0,,1966-12-31,18.0,23.0,11.1,4.0,1.0,83.0,,0.0,SOLOMON ISLANDS,,82.0,SANTA CRUZ ISLANDS,-11.892999999999999,166.445,2.0,7.0,,,1.0,,,,,right_only,91,8834.0,1966-12-31
,,,,7.2,,,1966.0,12.0,31.0,,1966-12-31,22.0,15.0,16.6,4.0,1.0,23.0,,0.0,SOLOMON ISLANDS,,82.0,SANTA CRUZ ISLANDS,-12.334000000000001,166.68400000000003,0.8,1.0,,,0.0,,,,,right_only,92,85.0,1966-12-31
,,,,5.5,,,1967.0,4.0,11.0,,1967-04-11,5.0,9.0,12.1,3.0,1.0,33.0,,0.0,INDONESIA,,83.0,MAKASSAR STRAIT,-3.7,119.3,,2.0,,1.6,1.0,13.0,,,,right_only,93,37.0,1967-04-11
,,,,6.1,,,1967.0,4.0,12.0,,1967-04-12,4.0,51.0,50.2,3.0,1.0,100.0,,0.0,INDONESIA,,60.0,NORTHEAST SUMATRA,5.5,97.3,,1.0,,1.0,1.5,,,,,right_only,94,154.0,1967-04-12
,,,,6.5,,,1967.0,7.0,29.0,,1967-07-29,23.0,59.0,58.7,4.0,1.0,10.0,,0.0,VENEZUELA,,74.0,CARACAS,10.6,-67.3,0.08,1.0,,,,,,,,right_only,95,40.0,1967-07-29
,,,,6.4,,,1967.0,8.0,13.0,,1967-08-13,22.0,15.0,10.0,4.0,1.0,30.0,,0.0,PAPUA NEW GUINEA,,82.0,BISMARCK SEA,-4.4,152.5,0.1,1.0,,-3.3,,,,,,right_only,96,41.0,1967-08-13
,,,,7.0,,,1967.0,9.0,3.0,,1967-09-03,,,,2.0,1.0,40.0,,0.0,PERU,,89.0,CENTRAL PERU,-10.6,-79.8,2.0,2.0,,1.0,-1.5,,,,,right_only,96,,1967-09-03
,,,,7.5,,,1967.0,12.0,21.0,,1967-12-21,2.0,25.0,23.0,3.0,1.0,33.0,,0.0,CHILE,,89.0,NORTHERN CHILE,-21.7,-69.5,,1.0,,-0.5,0.0,,,,,right_only,97,83.0,1967-12-21
,,,,7.3,,,1968.0,1.0,29.0,,1968-01-29,10.0,19.0,7.2,4.0,1.0,40.0,,0.0,RUSSIA,,86.0,S. KURIL ISLANDS,43.586000000000006,146.701,0.18,17.0,,-1.7,-1.0,,,,,right_only,98,2199.0,1968-01-29
,,,,7.5,,,1968.0,4.0,1.0,,1968-04-01,0.0,42.0,4.2,4.0,1.0,30.0,,0.0,JAPAN,,85.0,SEIKAIDO,32.3,132.5,3.07,62.0,,1.3,1.0,,,,,right_only,99,7957.0,1968-04-01
,,,,4.6,,,1968.0,4.0,18.0,,1968-04-18,19.0,38.0,15.0,4.0,1.0,7.0,,0.0,ITALY,,50.0,LIGURIA-COTE D'AZUR,44.08,8.0,3.0,1.0,,,2.0,,,,,right_only,100,16.0,1968-04-18
,,,,8.2,,,1968.0,5.0,16.0,,1968-05-16,0.0,48.0,55.4,4.0,1.0,7.0,,1.0,JAPAN,,85.0,OFF EAST COAST OF HONSHU ISLAND,40.8,143.2,6.0,329.0,,2.3,2.0,52.0,,,,right_only,101,10895.0,1968-05-16
,,,,7.5,,,1968.0,5.0,16.0,,1968-05-16,10.0,39.0,1.6,4.0,1.0,33.0,,0.0,JAPAN,,85.0,OFF COAST OF HONSHU ISLAND,41.5,142.7,0.58,8.0,,,-0.5,,,,,right_only,102,370.0,1968-05-16
,,,,7.2,,,1968.0,6.0,12.0,,1968-06-12,13.0,41.0,50.7,4.0,1.0,44.0,,0.0,JAPAN,,85.0,SANRIKU,39.4,143.1,0.95,28.0,,1.6,0.0,,,,,right_only,103,1400.0,1968-06-12
,,,,7.3,,,1968.0,7.0,25.0,,1968-07-25,7.0,23.0,7.8,2.0,1.0,60.0,,0.0,NEW ZEALAND,,81.0,KERMADEC ISLANDS,-30.8,-178.4,0.05,1.0,,,,,,,,right_only,104,1445.0,1968-07-25
,,,,7.3,,,1968.0,8.0,1.0,,1968-08-01,20.0,19.0,21.9,4.0,1.0,36.0,,0.0,PHILIPPINES,,84.0,E. LUZON ISLAND,16.5,122.2,0.16,40.0,,-1.7,,1.0,,,,right_only,105,8338.0,1968-08-01
,,,,7.6,,,1968.0,8.0,10.0,,1968-08-10,2.0,7.0,4.3,4.0,1.0,25.0,,0.0,INDONESIA,,83.0,N. MOLUCCAS ISLANDS,1.4,126.2,0.4,22.0,,-1.3,1.0,,,,,right_only,106,4828.0,1968-08-10
,,,,7.8,,,1968.0,8.0,14.0,,1968-08-14,22.0,14.0,19.4,4.0,1.0,23.0,,0.0,INDONESIA,,83.0,BANDA SEA,0.2,119.8,10.0,7.0,,3.3,2.5,200.0,,58.0,,right_only,107,4386.0,1968-08-14
,,,,6.6,,,1968.0,9.0,3.0,,1968-09-03,8.0,19.0,52.2,4.0,1.0,38.0,,0.0,TURKEY,,40.0,BLACK SEA,41.8,32.3,3.0,1.0,,,,,,,,right_only,108,11.0,1968-09-03
,,,,6.2,,,1968.0,9.0,20.0,,1968-09-20,6.0,9.0,,2.0,1.0,107.0,,0.0,VENEZUELA,,74.0,CARUPANO,10.5,-62.6,,1.0,,,,,,,,right_only,108,,1968-09-20
,,,,6.9,,,1969.0,2.0,23.0,,1969-02-23,0.0,36.0,56.6,4.0,1.0,13.0,,0.0,INDONESIA,,83.0,MAKASSAR STRAIT,-3.1,118.9,4.0,5.0,,2.0,2.0,600.0,,,,right_only,109,44.0,1969-02-23
,,,,7.8,,,1969.0,2.0,28.0,,1969-02-28,2.0,40.0,32.5,4.0,1.0,22.0,,1.0,PORTUGAL,,73.0,PORTUGAL,36.016999999999996,-10.95,0.9,10.0,,,,,,,,right_only,110,1626.0,1969-02-28
,,,,6.5,,,1969.0,4.0,21.0,,1969-04-21,7.0,19.0,,4.0,1.0,41.0,,0.0,JAPAN,,85.0,RYUKYU ISLANDS,32.2,132.1,0.1,6.0,,-2.3,-3.0,,,,,right_only,110,,1969-04-21
,,,,5.4,,,1969.0,8.0,2.0,,1969-08-02,4.0,30.0,29.0,4.0,3.0,17.0,,0.0,PAPUA NEW GUINEA,,82.0,BISMARCK SEA,-6.6,146.9,,1.0,,,-1.0,,,,,right_only,111,18.0,1969-08-02
,,,,8.2,,,1969.0,8.0,11.0,,1969-08-11,21.0,26.0,36.0,4.0,1.0,30.0,,0.0,RUSSIA,,86.0,S. KURIL ISLANDS,43.6,147.9,5.0,75.0,,1.4,2.0,,,,,right_only,112,14473.0,1969-08-11
,,,,7.7,,,1969.0,11.0,22.0,,1969-11-22,23.0,9.0,37.0,4.0,1.0,51.0,,8.0,RUSSIA,,86.0,KAMCHATKA,57.7,163.6,15.0,16.0,,3.9,3.0,,,,,right_only,113,8346.0,1969-11-22
,,,,7.2,,,1969.0,12.0,25.0,,1969-12-25,21.0,32.0,27.3,4.0,1.0,7.0,,0.0,GUADELOUPE (FRENCH TERRITORY),,74.0,GRAND BOURG,15.8,-59.7,0.46,3.0,,-3.3,,,,,,right_only,114,293.0,1969-12-25
,,,,7.6,,,1970.0,1.0,10.0,,1970-01-10,12.0,7.0,8.6,4.0,1.0,73.0,,0.0,PHILIPPINES,,84.0,PHILIPPINE TRENCH,6.8,126.7,0.06,1.0,,,,,,,,right_only,115,859.0,1970-01-10
,,,,6.0,,,1970.0,3.0,11.0,,1970-03-11,22.0,38.0,34.6,4.0,1.0,29.0,,0.0,USA,AK,87.0,"ANDREANOF ISLANDS, AK",57.5,-153.9,0.03,1.0,,,,,,,,right_only,116,2058.0,1970-03-11
,,,,7.3,,,1970.0,4.0,7.0,,1970-04-07,5.0,34.0,5.6,3.0,1.0,40.0,,0.0,PHILIPPINES,,84.0,PHILIPPINE SEA,15.78,121.71,,1.0,,1.0,1.0,,,,,right_only,117,55.0,1970-04-07
,,,,7.9,,,1970.0,5.0,31.0,,1970-05-31,20.0,23.0,27.3,4.0,1.0,43.0,,0.0,PERU,,89.0,N. PERU,-9.2,-78.8,0.38,15.0,,0.8,,,,,,right_only,118,16032.0,1970-05-31
,,,,7.0,,,1970.0,7.0,25.0,,1970-07-25,22.0,41.0,10.7,4.0,1.0,34.0,,0.0,JAPAN,,85.0,SEIKAIDO,32.2,131.7,0.32,35.0,,-0.7,,,,,,right_only,119,811.0,1970-07-25
,,,,5.3,,,1970.0,9.0,30.0,,1970-09-30,9.0,52.0,22.7,3.0,1.0,33.0,,0.0,PHILIPPINES,,84.0,PHILIPPINE TRENCH,20.6,122.0,,1.0,,,0.5,,,,,right_only,120,705.0,1970-09-30
,,,,7.3,,,1970.0,10.0,31.0,,1970-10-31,17.0,53.0,9.3,4.0,3.0,8.0,,0.0,PAPUA NEW GUINEA,,82.0,PAPUA NEW GUINEA,-4.907,145.471,3.0,3.0,,0.3,0.5,3.0,,,,right_only,121,122.0,1970-10-31
,,,,5.1,,,1970.0,12.0,4.0,,1970-12-04,1.0,59.0,25.0,4.0,1.0,7.0,,0.0,RUSSIA,,40.0,BLACK SEA,43.84,39.34,0.8,1.0,,,2.0,,,,,right_only,122,41.0,1970-12-04
,,,,7.1,,,1971.0,5.0,2.0,,1971-05-02,6.0,8.0,27.8,4.0,1.0,30.0,,0.0,USA,AK,87.0,"ANDREANOF ISLANDS, AK",51.228,-177.173,0.04,1.0,,,-3.0,,,,,right_only,123,80.0,1971-05-02
,,,,7.8,,,1971.0,7.0,9.0,,1971-07-09,3.0,3.0,18.7,4.0,1.0,58.0,,0.0,CHILE,,89.0,CENTRAL CHILE,-32.5,-71.2,1.2,1.0,,0.3,0.0,,,,,right_only,124,72.0,1971-07-09
,,,,7.9,,,1971.0,7.0,14.0,,1971-07-14,6.0,11.0,29.1,4.0,1.0,47.0,,0.0,PAPUA NEW GUINEA,,82.0,SOLOMON SEA,-5.5,153.9,6.0,32.0,,1.6,1.0,1.0,,,,right_only,125,6738.0,1971-07-14
,,,,7.9,,,1971.0,7.0,26.0,,1971-07-26,1.0,23.0,21.3,4.0,1.0,48.0,,0.0,PAPUA NEW GUINEA,,82.0,SOLOMON SEA,-4.9,153.2,10.0,39.0,,3.3,1.5,,,,,right_only,126,10182.0,1971-07-26
,,,,7.3,,,1971.0,8.0,2.0,,1971-08-02,7.0,24.0,56.8,4.0,1.0,51.0,,0.0,JAPAN,,85.0,JAPAN TRENCH,41.4,143.5,0.51,17.0,,-2.3,-0.5,,,,,right_only,127,385.0,1971-08-02
,,,,7.1,,,1971.0,9.0,5.0,,1971-09-05,18.0,35.0,25.0,4.0,1.0,9.0,,0.0,RUSSIA,,86.0,TATAR STRAIT,46.5,141.2,2.0,29.0,,,1.0,,,,,right_only,128,522.0,1971-09-05
,,,,5.5,,,1971.0,9.0,6.0,,1971-09-06,13.0,37.0,10.8,4.0,1.0,29.0,,0.0,RUSSIA,,86.0,TATAR STRAIT,46.7,141.4,0.32,11.0,,,,,,,,right_only,129,419.0,1971-09-06
,,,,6.6,,,1971.0,9.0,8.0,,1971-09-08,11.0,48.0,23.4,4.0,1.0,6.0,,0.0,RUSSIA,,86.0,TATAR STRAIT,46.4,141.1,0.09,2.0,,,-3.0,,,,,right_only,130,101.0,1971-09-08
,,,,6.2,,,1971.0,9.0,8.0,,1971-09-08,16.0,59.0,52.6,4.0,1.0,16.0,,0.0,RUSSIA,,86.0,TATAR STRAIT,46.3,140.9,0.07,1.0,,-0.7,-3.0,,,,,right_only,131,120.0,1971-09-08
,,,,7.0,,,1971.0,9.0,25.0,,1971-09-25,4.0,36.0,14.0,2.0,3.0,115.0,,0.0,PAPUA NEW GUINEA,,82.0,BISMARCK SEA,-6.5,146.6,1.8,1.0,,0.8,0.5,,,,,right_only,132,80.0,1971-09-25
,,,,6.0,,,1971.0,9.0,27.0,,1971-09-27,19.0,1.0,45.3,4.0,1.0,21.0,,0.0,RUSSIA,,86.0,TATAR STRAIT,46.4,141.1,0.03,1.0,,,-4.0,,,,,right_only,133,65.0,1971-09-27
,,,,5.7,,,1971.0,11.0,6.0,,1971-11-06,22.0,0.0,0.1,2.0,1.0,21.0,,0.0,USA,AK,87.0,"RAT ISLANDS, ALEUTIAN ISLANDS, AK",51.5,179.1,0.1,2.0,,,,,,,,right_only,134,17.0,1971-11-06
,,,,7.8,,,1971.0,12.0,15.0,,1971-12-15,8.0,29.0,55.3,4.0,1.0,33.0,,3.0,RUSSIA,,86.0,KAMCHATKA,56.0,163.3,0.47,12.0,,,,,,,,right_only,135,5304.0,1971-12-15
,,,,7.5,,,1972.0,1.0,25.0,,1972-01-25,2.0,6.0,23.3,4.0,1.0,33.0,,0.0,TAIWAN,,84.0,E. TAIWAN,22.5,122.3,0.05,2.0,,-3.3,-2.0,,,,,right_only,136,279.0,1972-01-25
,,,,7.4,,,1972.0,2.0,29.0,,1972-02-29,9.0,22.0,59.8,4.0,1.0,56.0,,0.0,JAPAN,,85.0,EAST OFF HACHIJO ISLAND,33.3,140.8,0.42,28.0,,-1.3,0.5,,,,,right_only,137,901.0,1972-02-29
,,,,7.6,,,1972.0,7.0,30.0,,1972-07-30,21.0,45.0,14.1,4.0,3.0,25.0,,0.0,USA,AK,87.0,"SE. ALASKA, AK",56.82,-135.685,0.1,3.0,,-2.3,-2.0,,,,,right_only,138,181.0,1972-07-30
,,,,7.1,,,1972.0,8.0,17.0,,1972-08-17,23.0,44.0,5.9,4.0,1.0,10.0,,0.0,PAPUA NEW GUINEA,,82.0,SOLOMON SEA,-6.0,152.9,0.6,1.0,,-1.0,,,,,,right_only,139,162.0,1972-08-17
,,,,7.4,,,1972.0,12.0,2.0,,1972-12-02,0.0,19.0,47.2,2.0,1.0,33.0,,0.0,PHILIPPINES,,84.0,"MINDANAO ISLAND, PHILIPPINES",6.5,126.6,0.5,32.0,,-2.3,,,,,,right_only,140,4415.0,1972-12-02
1972-12-04T10:16:12.000Z,33.361999999999995,140.827,55.0,7.4,"Izu Islands, Japan region",earthquake,1972.0,12.0,4.0,1972-12-04,1972-12-04,10.0,16.0,12.0,4.0,1.0,66.0,,0.0,JAPAN,,85.0,CHICHI JIMA,33.3,140.7,0.5,39.0,,-1.0,-1.0,,,,,both,141,1188.0,1972-12-04
,,,,7.5,,,1973.0,1.0,30.0,,1973-01-30,21.0,1.0,12.5,4.0,1.0,43.0,,0.0,MEXICO,,88.0,S. MEXICO,18.48,-103.0,1.13,9.0,,0.1,,,,,,right_only,142,8263.0,1973-01-30
,,,,7.2,,,1973.0,2.0,28.0,,1973-02-28,6.0,37.0,49.5,4.0,1.0,27.0,,0.0,RUSSIA,,86.0,N. KURIL ISLANDS,50.5,156.6,1.5,7.0,,0.6,0.5,,,,,right_only,143,1231.0,1973-02-28
,,,,7.5,,,1973.0,3.0,17.0,,1973-03-17,8.0,30.0,51.8,4.0,1.0,33.0,,0.0,PHILIPPINES,,84.0,QUEZON,13.4,122.8,1.3,2.0,,,,,,,,right_only,144,235.0,1973-03-17
,,,,7.7,,,1973.0,6.0,17.0,,1973-06-17,3.0,55.0,2.9,4.0,1.0,48.0,,0.0,JAPAN,,85.0,HOKKAIDO ISLAND,43.2,145.8,5.96,72.0,,2.2,1.0,,,,5.0,right_only,145,7776.0,1973-06-17
,,,,7.1,,,1973.0,6.0,24.0,,1973-06-24,2.0,43.0,25.5,4.0,1.0,50.0,,0.0,RUSSIA,,86.0,S. KURIL ISLANDS,43.3,146.4,0.64,32.0,,2.2,,,,,,right_only,146,964.0,1973-06-24
,,,,6.7,,,1973.0,10.0,5.0,,1973-10-05,5.0,47.0,51.1,4.0,1.0,14.0,,0.0,CHILE,,89.0,CENTRAL CHILE,-32.5,-71.5,0.4,1.0,,-1.3,-1.0,,,,,right_only,148,61.0,1973-10-05
,,,,7.0,,,1974.0,1.0,31.0,,1974-01-31,23.0,30.0,5.3,4.0,1.0,34.0,,0.0,SOLOMON ISLANDS,,82.0,SOLOMON ISLANDS,-7.5,155.9,1.5,2.0,,2.2,1.0,,,,,right_only,149,151.0,1974-01-31
,,,,7.1,,,1974.0,2.0,1.0,,1974-02-01,3.0,12.0,33.1,4.0,1.0,40.0,,0.0,SOLOMON ISLANDS,,82.0,SOLOMON ISLANDS,-7.4,155.6,4.5,4.0,,2.2,2.0,,,,,right_only,150,530.0,1974-02-01
,,,,6.7,,,1974.0,5.0,8.0,,1974-05-08,23.0,33.0,25.2,4.0,1.0,2.0,,0.0,JAPAN,,85.0,TOKAIDO,34.6,138.7,0.2,5.0,,-2.3,-2.5,,,,,right_only,151,109.0,1974-05-08
,,,,6.7,,,1974.0,9.0,27.0,,1974-09-27,5.0,47.0,29.4,4.0,1.0,43.0,,0.0,RUSSIA,,86.0,S. KURIL ISLANDS,43.2,146.7,0.37,3.0,,0.6,-1.0,,,,,right_only,152,294.0,1974-09-27
,,,,8.1,,,1974.0,10.0,3.0,,1974-10-03,14.0,21.0,29.1,4.0,1.0,13.0,,0.0,PERU,,89.0,CENTRAL PERU,-12.27,-77.79,0.92,35.0,,0.8,1.0,,,,,right_only,153,16682.0,1974-10-03
,,,,7.7,,,1975.0,5.0,26.0,,1975-05-26,9.0,11.0,51.5,4.0,1.0,33.0,,0.0,ATLANTIC OCEAN,,73.0,AZORES GIBRALTAR FRACTURE ZONE,35.997,-17.649,0.76,5.0,,,,,,,,right_only,154,1846.0,1975-05-26
,,,,7.0,,,1975.0,6.0,10.0,,1975-06-10,13.0,47.0,14.5,4.0,1.0,15.0,,0.0,RUSSIA,,86.0,S. KURIL ISLANDS,43.023999999999994,147.734,5.5,52.0,,2.3,2.0,,,,,right_only,155,5689.0,1975-06-10
,,,,7.9,,,1975.0,7.0,20.0,,1975-07-20,14.0,37.0,39.9,4.0,1.0,49.0,,0.0,PAPUA NEW GUINEA,,82.0,SOLOMON SEA,-6.59,155.054,2.0,18.0,,1.0,1.0,,,,,right_only,156,5629.0,1975-07-20
,,,,7.6,,,1975.0,10.0,31.0,,1975-10-31,8.0,28.0,2.6,4.0,1.0,50.0,,0.0,PHILIPPINES,,84.0,PHILIPPINE TRENCH,12.54,125.993,3.0,28.0,,-0.7,-1.5,1.0,,,,right_only,157,4578.0,1975-10-31
,,,,7.7,,,1975.0,11.0,29.0,,1975-11-29,14.0,47.0,40.9,4.0,3.0,2.0,3407.0,1.0,USA,HI,80.0,HAWAII,19.451,-155.033,14.3,76.0,,3.0,3.0,2.0,,19.0,1.5,right_only,158,7846.0,1975-11-29
,,,,4.9,,,1975.0,12.0,16.0,,1975-12-16,21.0,1.0,39.0,3.0,3.0,33.0,,0.0,FIJI,,81.0,FIJI ISLANDS,-18.672,178.46400000000003,0.25,1.0,,,,,,,,right_only,159,64.0,1975-12-16
,,,,7.8,,,1975.0,12.0,26.0,,1975-12-26,15.0,56.0,38.7,4.0,1.0,33.0,,0.0,SAMOA,,81.0,SAMOA ISLANDS,-16.265,-172.467,0.38,3.0,,-0.3,,,,,,right_only,160,990.0,1975-12-26
,,,,8.0,,,1976.0,1.0,14.0,,1976-01-14,16.0,47.0,33.5,4.0,1.0,33.0,,0.0,NEW ZEALAND,,81.0,KERMADEC ISLANDS,-28.427,-177.657,0.9,15.0,,-0.1,,,,,,right_only,161,10149.0,1976-01-14
,,,,7.0,,,1976.0,1.0,21.0,,1976-01-21,10.0,5.0,24.1,4.0,1.0,41.0,,0.0,RUSSIA,,86.0,S. KURIL ISLANDS,44.915,149.123,0.38,5.0,,-1.3,-2.5,,,,,right_only,162,474.0,1976-01-21
,,,,7.5,,,1976.0,2.0,4.0,,1976-02-04,9.0,1.0,43.4,4.0,1.0,5.0,,0.0,GUATEMALA,,74.0,GUATEMALA,15.324000000000002,-89.101,0.12,1.0,,,,,,,,right_only,163,139.0,1976-02-04
,,,,8.0,,,1976.0,8.0,16.0,,1976-08-16,16.0,11.0,7.3,4.0,1.0,33.0,,0.0,PHILIPPINES,,84.0,MORO GULF,6.292000000000001,124.09,9.0,28.0,,2.3,2.5,6800.0,,6500.0,134.0,right_only,164,3569.0,1976-08-16
,,,,7.6,,,1977.0,4.0,2.0,,1977-04-02,7.0,15.0,22.7,4.0,1.0,33.0,,0.0,SAMOA,,81.0,SAMOA ISLANDS,-16.695999999999998,-172.095,0.08,2.0,,-3.3,-2.0,,,,,right_only,165,321.0,1977-04-02
,,,,6.8,,,1977.0,4.0,20.0,,1977-04-20,23.0,13.0,10.4,4.0,1.0,33.0,,0.0,SOLOMON ISLANDS,,82.0,SOLOMON ISLANDS,-9.828,163.32299999999998,0.15,6.0,,-3.3,-1.0,,,,,right_only,166,2747.0,1977-04-20
,,,,7.6,,,1977.0,4.0,20.0,,1977-04-20,23.0,42.0,50.5,4.0,1.0,19.0,,0.0,SOLOMON ISLANDS,,82.0,SOLOMON ISLANDS,-9.89,160.34799999999998,,1.0,,,,,,,,right_only,167,190.0,1977-04-20
,,,,8.1,,,1977.0,4.0,21.0,,1977-04-21,4.0,24.0,9.6,4.0,1.0,33.0,,0.0,SOLOMON ISLANDS,,82.0,SOLOMON ISLANDS,-9.965,160.731,0.04,5.0,,-3.3,-1.5,,,,,right_only,168,3023.0,1977-04-21
,,,,7.2,,,1977.0,6.0,22.0,,1977-06-22,12.0,8.0,33.4,4.0,1.0,65.0,,0.0,TONGA,,81.0,TONGA TRENCH,-22.878,-175.9,0.4,19.0,,,,,,,,right_only,169,8777.0,1977-06-22
,,,,8.0,,,1977.0,8.0,19.0,,1977-08-19,6.0,8.0,55.2,4.0,1.0,33.0,,0.0,INDONESIA,,60.0,SUNDA ISLANDS,-11.085,118.464,15.0,15.0,,3.9,3.0,189.0,,75.0,1.2,right_only,170,1082.0,1977-08-19
1977-08-28T20:10:05.000Z,-1.081,146.23,33.0,5.5,"Admiralty Islands region, Papua New Guinea",earthquake,1977.0,8.0,28.0,1977-08-28,1977-08-28,20.0,10.0,5.0,2.0,1.0,33.0,,0.0,PAPUA NEW GUINEA,,82.0,ADMIRALTY ISLANDS,-1.081,146.23,0.6,1.0,,-0.7,-0.5,,,,,both,171,165.0,1977-08-28
,,,,7.2,,,1977.0,10.0,10.0,,1977-10-10,11.0,53.0,53.6,2.0,1.0,33.0,,0.0,TONGA,,81.0,TONGA TRENCH,-25.855999999999998,-175.40599999999998,0.03,2.0,,,-3.0,,,,,right_only,172,1379.0,1977-10-10
,,,,6.7,,,1978.0,3.0,22.0,,1978-03-22,0.0,50.0,32.2,4.0,1.0,33.0,,0.0,RUSSIA,,86.0,S. KURIL ISLANDS,44.026,149.002,0.07,2.0,,0.1,-2.5,,,,,right_only,174,289.0,1978-03-22
,,,,6.6,,,1978.0,3.0,22.0,,1978-03-22,21.0,34.0,33.4,4.0,1.0,33.0,,0.0,RUSSIA,,86.0,S. KURIL ISLANDS,44.14,149.029,0.05,2.0,,,-3.0,,,,,right_only,175,253.0,1978-03-22
,,,,6.8,,,1978.0,3.0,23.0,,1978-03-23,0.0,31.0,2.1,4.0,1.0,46.0,,0.0,RUSSIA,,86.0,S. KURIL ISLANDS,44.208999999999996,148.971,0.17,4.0,,-2.3,-1.5,,,,,right_only,176,713.0,1978-03-23
,,,,7.5,,,1978.0,3.0,23.0,,1978-03-23,3.0,15.0,20.3,4.0,1.0,33.0,,0.0,RUSSIA,,86.0,S. KURIL ISLANDS,44.931999999999995,148.439,0.3,15.0,,-2.3,0.0,,,,,right_only,177,2060.0,1978-03-23
,,,,7.6,,,1978.0,3.0,24.0,,1978-03-24,19.0,47.0,50.7,4.0,1.0,33.0,,0.0,RUSSIA,,86.0,S. KURIL ISLANDS,44.244,148.862,0.65,20.0,,-1.7,0.0,,,,,right_only,178,3480.0,1978-03-24
,,,,7.7,,,1978.0,6.0,12.0,,1978-06-12,8.0,14.0,26.4,4.0,1.0,44.0,,0.0,JAPAN,,85.0,SANRIKU,38.19,142.03,0.6,31.0,,,0.5,,,,,right_only,179,640.0,1978-06-12
,,,,6.9,,,1978.0,6.0,14.0,,1978-06-14,12.0,32.0,33.9,3.0,1.0,24.0,,0.0,PHILIPPINES,,84.0,"MINDANAO ISLAND, PHILIPPINES",8.249,122.40299999999999,0.03,1.0,,-3.3,,,,,,right_only,180,289.0,1978-06-14
1978-06-20T20:03:21.000Z,40.739000000000004,23.229,3.0,6.4,Greece,earthquake,1978.0,6.0,20.0,1978-06-20,1978-06-20,20.0,3.0,21.0,2.0,1.0,3.0,,0.0,GREECE,,50.0,"THESSALONIKI (SALONICA), GREECE",40.739000000000004,23.229,0.45,5.0,,,2.0,,,,,both,181,639.0,1978-06-20
,,,,7.4,,,1978.0,7.0,23.0,,1978-07-23,14.0,42.0,36.9,3.0,1.0,17.0,,0.0,TAIWAN,,84.0,TAIWAN,22.281999999999996,121.512,0.05,1.0,,-3.3,-1.0,,,,,right_only,182,354.0,1978-07-23
,,,,4.4,,,1978.0,8.0,14.0,,1978-08-14,14.0,17.0,50.4,4.0,1.0,30.0,,0.0,SPAIN,,73.0,CADIZ,36.37,-6.98,0.12,1.0,,,1.0,,,,,right_only,183,63.0,1978-08-14
,,,,7.8,,,1978.0,11.0,29.0,,1978-11-29,19.0,52.0,47.6,2.0,1.0,18.0,,0.0,MEXICO,,88.0,MEXICO,16.01,-96.59100000000001,1.5,1.0,,0.6,,,,,,right_only,184,54.0,1978-11-29
,,,,6.4,,,1979.0,2.0,20.0,,1979-02-20,6.0,32.0,32.2,4.0,1.0,10.0,,0.0,JAPAN,,85.0,"IWATE, JAPAN",40.232,143.703,0.12,11.0,,-1.7,,,,,,right_only,185,440.0,1979-02-20
,,,,7.5,,,1979.0,2.0,28.0,,1979-02-28,21.0,27.0,8.1,4.0,3.0,15.0,,0.0,USA,AK,87.0,"SE. ALASKA, AK",60.691,-141.671,0.15,2.0,,-1.7,,,,,,right_only,186,544.0,1979-02-28
,,,,7.6,,,1979.0,3.0,14.0,,1979-03-14,11.0,7.0,16.3,4.0,1.0,49.0,,0.0,MEXICO,,88.0,S. MEXICO,17.813,-101.27600000000001,1.3,3.0,,-3.3,,,,,,right_only,187,8407.0,1979-03-14
,,,,6.9,,,1979.0,4.0,15.0,,1979-04-15,6.0,19.0,44.1,4.0,1.0,10.0,,0.0,MONTENEGRO,,50.0,MONTENEGRO,42.096000000000004,19.209,0.6,3.0,,,1.0,,,,,right_only,188,110.0,1979-04-15
,,,,7.9,,,1979.0,9.0,12.0,,1979-09-12,5.0,17.0,51.4,4.0,1.0,5.0,,0.0,INDONESIA,,83.0,IRIAN JAYA,-1.679,136.04,2.0,2.0,,1.0,,100.0,,,,right_only,189,59.0,1979-09-12
,,,,6.9,,,1979.0,11.0,16.0,,1979-11-16,15.0,21.0,25.7,2.0,1.0,33.0,,0.0,FIJI,,81.0,FIJI ISLANDS,-16.76,179.984,,1.0,,,,,,,,right_only,190,17.0,1979-11-16
,,,,7.7,,,1979.0,12.0,12.0,,1979-12-12,7.0,59.0,3.3,4.0,1.0,24.0,,1.0,COLOMBIA,,89.0,"COLOMBIA: OFF SHORE, PACIFIC OCEAN",1.598,-79.358,6.0,53.0,,2.3,2.5,600.0,,20000.0,8.0,right_only,191,15483.0,1979-12-12
,,,,6.9,,,1980.0,1.0,1.0,,1980-01-01,16.0,42.0,42.1,4.0,1.0,13.0,,0.0,PORTUGAL,,73.0,AZORES,38.727,-27.75,0.41,1.0,,,1.0,,,,,right_only,192,46.0,1980-01-01
,,,,7.0,,,1980.0,2.0,23.0,,1980-02-23,5.0,51.0,3.2,4.0,1.0,44.0,,0.0,RUSSIA,,86.0,S. KURIL ISLANDS,43.53,146.753,0.16,10.0,,-0.7,-2.0,,,,,right_only,193,730.0,1980-02-23
,,,,6.2,,,1980.0,6.0,29.0,,1980-06-29,7.0,20.0,5.5,4.0,1.0,15.0,,0.0,JAPAN,,85.0,HONSHU ISLAND,34.808,139.181,0.56,16.0,,-0.7,,,,,,right_only,194,459.0,1980-06-29
,,,,7.9,,,1980.0,7.0,17.0,,1980-07-17,19.0,42.0,23.2,4.0,1.0,33.0,,0.0,SOLOMON ISLANDS,,82.0,SOLOMON ISLANDS,-12.525,165.916,0.14,34.0,,-1.7,,,,,,right_only,195,6552.0,1980-07-17
,,,,7.7,,,1980.0,10.0,10.0,,1980-10-10,12.0,25.0,23.5,4.0,3.0,10.0,,0.0,ALGERIA,,50.0,EL ASNAM,36.195,1.354,0.7,6.0,,,2.0,,,,,right_only,196,611.0,1980-10-10
,,,,6.7,,,1981.0,2.0,24.0,,1981-02-24,20.0,53.0,38.4,4.0,1.0,33.0,,0.0,GREECE,,50.0,ATHENS-EASTERN GULF OF CORINTH,38.222,22.934,0.3,4.0,,,3.0,,,,,right_only,198,108.0,1981-02-24
,,,,7.6,,,1981.0,5.0,25.0,,1981-05-25,5.0,25.0,14.4,4.0,1.0,33.0,,0.0,NEW ZEALAND,,81.0,NEW ZEALAND,-48.786,164.357,0.3,1.0,,-1.7,,,,,,right_only,199,528.0,1981-05-25
,,,,7.7,,,1981.0,9.0,1.0,,1981-09-01,9.0,29.0,31.5,4.0,1.0,25.0,,0.0,SAMOA,,81.0,SAMOA ISLANDS,-14.96,-173.085,1.0,4.0,,-3.3,-2.0,,,,,right_only,200,269.0,1981-09-01
,,,,7.3,,,1981.0,10.0,25.0,,1981-10-25,3.0,22.0,15.5,4.0,1.0,28.0,,0.0,MEXICO,,88.0,MEXICO,18.084,-102.084,0.09,1.0,,,,,,,,right_only,201,269.0,1981-10-25
,,,,7.1,,,1982.0,1.0,11.0,,1982-01-11,6.0,10.0,6.4,2.0,1.0,46.0,,0.0,PHILIPPINES,,84.0,PHILIPPINES,13.752,124.35799999999999,0.1,1.0,,,,,,,,right_only,202,94.0,1982-01-11
,,,,6.9,,,1982.0,3.0,21.0,,1982-03-21,2.0,32.0,7.7,4.0,1.0,44.0,,0.0,JAPAN,,85.0,HOKKAIDO ISLAND,42.158,142.361,1.3,31.0,,0.4,,,,,,right_only,203,435.0,1982-03-21
,,,,7.2,,,1982.0,7.0,23.0,,1982-07-23,14.0,23.0,53.5,4.0,1.0,37.0,,0.0,JAPAN,,85.0,"IBARAKI, JAPAN",36.194,141.702,0.4,22.0,,-1.3,-1.0,,,,,right_only,204,483.0,1982-07-23
,,,,7.5,,,1982.0,12.0,19.0,,1982-12-19,17.0,43.0,54.8,4.0,1.0,33.0,,0.0,TONGA,,81.0,KERMADEC ISLANDS,-24.133000000000003,-175.864,0.2,4.0,,-2.3,,,,,,right_only,205,5416.0,1982-12-19
,,,,6.4,,,1982.0,12.0,28.0,,1982-12-28,6.0,37.0,42.5,4.0,1.0,22.0,,0.0,JAPAN,,85.0,S. OF HONSHU ISLAND,33.826,139.434,0.19,1.0,,-1.3,-1.0,,,,,right_only,206,86.0,1982-12-28
,,,,6.9,,,1983.0,3.0,12.0,,1983-03-12,1.0,36.0,35.8,4.0,1.0,17.0,,0.0,INDONESIA,,83.0,BANDA SEA,-4.056,127.92399999999999,3.0,1.0,,1.6,1.5,,,,,right_only,208,52.0,1983-03-12
,,,,7.9,,,1983.0,3.0,18.0,,1983-03-18,9.0,5.0,50.0,4.0,1.0,89.0,,0.0,PAPUA NEW GUINEA,,82.0,NEW BRITAIN,-4.883,153.58100000000002,0.13,4.0,,-1.7,,,,,,right_only,209,2263.0,1983-03-18
,,,,7.8,,,1983.0,5.0,26.0,,1983-05-26,2.0,59.0,59.6,4.0,1.0,24.0,,6.0,JAPAN,,85.0,"NOSHIRO, JAPAN",40.461999999999996,139.102,14.93,229.0,,3.9,2.0,100.0,,324.0,800.0,right_only,210,1111.0,1983-05-26
,,,,5.9,,,1983.0,6.0,9.0,,1983-06-09,12.0,49.0,3.8,4.0,1.0,26.0,,0.0,JAPAN,,85.0,"NOSHIRO, JAPAN",40.249,138.94799999999998,0.6,1.0,,,,,,,,right_only,211,112.0,1983-06-09
,,,,6.9,,,1983.0,6.0,21.0,,1983-06-21,6.0,25.0,27.3,4.0,1.0,10.0,,0.0,JAPAN,,85.0,N. HONSHU ISLAND,41.346000000000004,139.099,1.0,27.0,,,,,,,,right_only,212,821.0,1983-06-21
,,,,7.0,,,1983.0,8.0,6.0,,1983-08-06,15.0,43.0,51.2,2.0,1.0,2.0,,0.0,GREECE,,50.0,NORTH AEGEAN SEA,40.141999999999996,24.766,,1.0,,,2.0,,,,,right_only,213,39.0,1983-08-06
,,,,7.1,,,1983.0,8.0,17.0,,1983-08-17,10.0,55.0,54.1,4.0,1.0,63.0,,0.0,RUSSIA,,86.0,"KAMCHATKA BAY, RUSSIA",55.867,161.287,0.1,1.0,,-3.3,,,,,,right_only,214,91.0,1983-08-17
,,,,6.6,,,1983.0,8.0,17.0,,1983-08-17,12.0,17.0,56.0,4.0,1.0,29.0,,0.0,PHILIPPINES,,84.0,LUZON ISLAND,18.230999999999998,120.86,0.1,1.0,,,,,,,,right_only,215,41.0,1983-08-17
,,,,7.7,,,1983.0,10.0,4.0,,1983-10-04,18.0,52.0,13.3,4.0,1.0,15.0,,0.0,CHILE,,89.0,NORTHERN CHILE,-26.535,-70.563,0.2,1.0,,-2.3,0.2,,,,,right_only,216,730.0,1983-10-04
,,,,7.7,,,1983.0,11.0,30.0,,1983-11-30,17.0,46.0,0.6,4.0,1.0,10.0,,0.0,UK TERRITORY,,60.0,CHAGOS ARCHIPELAGO REGION,-6.852,72.11,1.5,3.0,,-1.3,,,,,,right_only,217,1860.0,1983-11-30
,,,,5.4,,,1984.0,2.0,11.0,,1984-02-11,8.0,2.0,51.5,4.0,1.0,29.0,,0.0,GREECE,,50.0,"CORINTHOS GULF, GREECE",38.396,22.094,,1.0,,,3.0,,,,,right_only,218,4.0,1984-02-11
,,,,7.2,,,1984.0,3.0,24.0,,1984-03-24,9.0,44.0,2.6,4.0,1.0,44.0,,0.0,RUSSIA,,86.0,S. KURIL ISLANDS,44.117,148.192,0.2,3.0,,-2.3,-2.0,,,,,right_only,219,333.0,1984-03-24
,,,,5.5,,,1984.0,6.0,13.0,,1984-06-13,2.0,29.0,25.3,4.0,1.0,41.0,,0.0,JAPAN,,85.0,"TORI SHIMA, OKINAWA",31.448,140.036,0.5,9.0,,0.6,,,,,,right_only,220,683.0,1984-06-13
,,,,7.0,,,1984.0,8.0,6.0,,1984-08-06,19.0,6.0,38.3,4.0,1.0,46.0,,0.0,JAPAN,,85.0,"KYUSHU, JAPAN",32.385999999999996,131.945,0.2,6.0,,-2.3,,,,,,right_only,221,438.0,1984-08-06
,,,,6.9,,,1984.0,9.0,18.0,,1984-09-18,17.0,2.0,44.3,4.0,1.0,48.0,,0.0,JAPAN,,85.0,HONSHU ISLAND,34.006,141.5,0.13,12.0,,-3.3,,,,,,right_only,222,805.0,1984-09-18
,,,,6.8,,,1984.0,12.0,28.0,,1984-12-28,10.0,37.0,53.7,4.0,1.0,33.0,,0.0,RUSSIA,,86.0,KAMCHATKA,56.193999999999996,163.46,0.2,2.0,,-2.3,,,,,,right_only,223,194.0,1984-12-28
,,,,8.0,,,1985.0,3.0,3.0,,1985-03-03,22.0,47.0,9.5,4.0,1.0,33.0,,0.0,CHILE,,89.0,CENTRAL CHILE,-33.132,-71.708,3.5,64.0,,1.6,,,,,,right_only,224,18680.0,1985-03-03
,,,,6.4,,,1985.0,3.0,16.0,,1985-03-16,14.0,54.0,0.7,4.0,1.0,13.0,,0.0,GUADELOUPE (FRENCH TERRITORY),,74.0,GUADELOUPE,17.012999999999998,-62.448,0.12,1.0,,-3.3,,,,,,right_only,225,137.0,1985-03-16
,,,,6.2,,,1985.0,4.0,13.0,,1985-04-13,1.0,6.0,0.1,2.0,1.0,99.0,,0.0,INDONESIA,,60.0,BALI ISLAND,-9.245,114.185,2.0,1.0,,,,,,,,right_only,226,114.0,1985-04-13
,,,,7.3,,,1985.0,7.0,3.0,,1985-07-03,4.0,36.0,51.7,4.0,3.0,46.0,,0.0,PAPUA NEW GUINEA,,82.0,NEW IRELAND,-4.439,152.828,1.3,2.0,,0.4,,,,,,right_only,227,77.0,1985-07-03
,,,,8.0,,,1985.0,9.0,19.0,,1985-09-19,13.0,17.0,47.3,4.0,1.0,28.0,,1.0,MEXICO,,88.0,MEXICO,18.19,-102.53299999999999,3.0,19.0,,1.6,,,,,,right_only,228,8383.0,1985-09-19
,,,,7.6,,,1985.0,9.0,21.0,,1985-09-21,1.0,37.0,13.4,4.0,1.0,31.0,,0.0,MEXICO,,88.0,MEXICO,17.802,-101.647,1.2,3.0,,0.3,,,,,,right_only,229,2104.0,1985-09-21
,,,,8.0,,,1986.0,5.0,7.0,,1986-05-07,22.0,47.0,10.8,4.0,1.0,31.0,,0.0,USA,AK,87.0,"ANDREANOF ISLANDS, AK",51.52,-174.77599999999998,0.9,66.0,,-0.1,,,,,,right_only,230,13686.0,1986-05-07
,,,,7.8,,,1986.0,10.0,20.0,,1986-10-20,6.0,46.0,9.9,4.0,1.0,29.0,,0.0,NEW ZEALAND,,81.0,KERMADEC ISLANDS,-28.116999999999997,-176.36700000000002,0.22,8.0,,-2.18,,,,,,right_only,231,5856.0,1986-10-20
,,,,7.8,,,1986.0,11.0,14.0,,1986-11-14,21.0,20.0,10.5,4.0,1.0,34.0,,0.0,TAIWAN,,84.0,TAIWAN,23.901,121.574,0.3,3.0,,,,,,,,right_only,232,666.0,1986-11-14
,,,,6.7,,,1987.0,2.0,6.0,,1987-02-06,13.0,16.0,17.8,4.0,1.0,48.0,,0.0,JAPAN,,85.0,E. HONSHU ISLAND,36.988,141.689,0.1,3.0,,-3.3,,,,,,right_only,233,226.0,1987-02-06
,,,,7.4,,,1987.0,2.0,8.0,,1987-02-08,18.0,33.0,58.3,4.0,1.0,55.0,,0.0,PAPUA NEW GUINEA,,82.0,SOLOMON SEA,-6.087999999999999,147.689,1.5,1.0,,1.0,,,,,,right_only,234,64.0,1987-02-08
,,,,7.6,,,1987.0,3.0,5.0,,1987-03-05,9.0,17.0,5.2,4.0,1.0,62.0,,0.0,CHILE,,89.0,NORTHERN CHILE,-24.388,-70.161,0.2,6.0,,-2.3,,,,,,right_only,235,10413.0,1987-03-05
,,,,6.7,,,1987.0,3.0,18.0,,1987-03-18,3.0,36.0,30.3,4.0,1.0,54.0,,0.0,JAPAN,,85.0,KYUSHU ISLAND,32.034,131.83700000000002,0.04,1.0,,-3.3,,,,,,right_only,236,133.0,1987-03-18
,,,,5.1,,,1987.0,3.0,24.0,,1987-03-24,12.0,49.0,47.0,4.0,1.0,23.0,,0.0,JAPAN,,85.0,HONSHU ISLAND,37.446999999999996,137.865,0.16,3.0,,,,,,,,right_only,237,826.0,1987-03-24
,,,,6.7,,,1987.0,7.0,6.0,,1987-07-06,2.0,49.0,42.7,3.0,1.0,48.0,,0.0,VANUATU,,82.0,VANUATU ISLANDS,-14.074000000000002,167.828,0.1,1.0,,,,,,,,right_only,238,413.0,1987-07-06
1987-10-06T04:19:06.080Z,-17.94,-172.225,16.0,7.3,Tonga region,earthquake,1987.0,10.0,6.0,1987-10-06,1987-10-06,4.0,19.0,6.0,4.0,1.0,16.0,,0.0,TONGA,,81.0,TONGA ISLANDS,-17.94,-172.225,0.25,2.0,,-3.3,,,,,,both,239,460.0,1987-10-06
,,,,7.0,,,1987.0,10.0,12.0,,1987-10-12,13.0,57.0,4.7,4.0,1.0,25.0,,0.0,PAPUA NEW GUINEA,,82.0,SOLOMON SEA,-7.287999999999999,154.371,0.04,1.0,,-0.5,,,,,,right_only,240,419.0,1987-10-12
,,,,7.4,,,1987.0,10.0,16.0,,1987-10-16,20.0,48.0,1.6,4.0,1.0,48.0,,0.0,PAPUA NEW GUINEA,,82.0,SOLOMON SEA,-6.266,149.06,0.07,2.0,,-3.3,,,,,,right_only,241,414.0,1987-10-16
,,,,7.2,,,1987.0,11.0,17.0,,1987-11-17,8.0,46.0,53.3,4.0,1.0,10.0,,0.0,USA,AK,87.0,"GULF OF ALASKA, AK",58.586000000000006,-143.27,0.06,1.0,,-3.3,,,,,,right_only,242,229.0,1987-11-17
,,,,7.9,,,1987.0,11.0,30.0,,1987-11-30,19.0,23.0,19.5,4.0,1.0,10.0,,0.0,USA,AK,87.0,"GULF OF ALASKA, AK",58.678999999999995,-142.786,0.43,10.0,,-1.0,,,,,,right_only,243,4444.0,1987-11-30
,,,,7.2,,,1988.0,2.0,5.0,,1988-02-05,14.0,1.0,2.7,4.0,1.0,37.0,,0.0,CHILE,,89.0,NORTHERN CHILE,-24.753,-70.433,0.1,1.0,,,,,,,,right_only,244,260.0,1988-02-05
,,,,7.8,,,1988.0,3.0,6.0,,1988-03-06,22.0,35.0,36.9,4.0,1.0,15.0,,0.0,USA,AK,87.0,"GULF OF ALASKA, AK",57.262,-142.747,0.19,8.0,,-2.3,,,,,,right_only,245,2624.0,1988-03-06
,,,,5.4,,,1988.0,6.0,24.0,,1988-06-24,2.0,6.0,26.3,4.0,1.0,53.0,,0.0,PHILIPPINES,,84.0,NORTH OF LUZON ISLAND,18.605999999999998,121.01299999999999,1.03,2.0,,,,,,,,right_only,246,827.0,1988-06-24
,,,,6.8,,,1988.0,7.0,5.0,,1988-07-05,20.0,32.0,7.2,4.0,1.0,53.0,,0.0,PAPUA NEW GUINEA,,82.0,PAPUA NEW GUINEA,-5.9639999999999995,148.78,,2.0,,,,,,,,right_only,247,35.0,1988-07-05
,,,,7.6,,,1988.0,8.0,10.0,,1988-08-10,4.0,38.0,29.2,4.0,1.0,36.0,,0.0,SOLOMON ISLANDS,,82.0,SOLOMON ISLANDS,-10.258,160.89600000000002,0.09,2.0,,-3.3,,1.0,,,,right_only,248,138.0,1988-08-10
,,,,8.1,,,1989.0,5.0,23.0,,1989-05-23,10.0,54.0,46.3,4.0,1.0,10.0,,0.0,AUSTRALIA,,81.0,MACQUARIE ISLAND,-52.341,160.56799999999998,0.1,2.0,,-1.7,,,,,,right_only,249,2188.0,1989-05-23
,,,,6.5,,,1989.0,6.0,26.0,,1989-06-26,3.0,27.0,3.9,4.0,3.0,9.0,,0.0,USA,HI,80.0,HAWAII,19.362000000000002,-155.083,0.29,3.0,,-1.7,,,,,,right_only,250,58.0,1989-06-26
,,,,7.1,,,1989.0,9.0,4.0,,1989-09-04,13.0,14.0,58.2,4.0,1.0,11.0,,0.0,USA,AK,87.0,"SEMIDI ISLANDS, AK",55.543,-156.835,0.1,2.0,,-3.3,,,,,,right_only,251,649.0,1989-09-04
,,,,6.9,,,1989.0,10.0,18.0,,1989-10-18,0.0,4.0,15.2,4.0,1.0,19.0,,0.0,USA,CA,88.0,N. CALIFORNIA,37.036,-121.883,1.0,3.0,,-3.3,,,,,,right_only,252,48.0,1989-10-18
,,,,6.5,,,1989.0,10.0,29.0,,1989-10-29,5.0,25.0,38.2,4.0,1.0,10.0,,0.0,JAPAN,,85.0,N. HONSHU ISLAND,39.571,143.333,0.11,4.0,,,,,,,,right_only,253,212.0,1989-10-29
,,,,4.4,,,1989.0,11.0,1.0,,1989-11-01,10.0,25.0,52.2,3.0,1.0,26.0,,0.0,USA TERRITORY,PR,74.0,PUERTO RICO,18.986,-68.833,0.1,1.0,,,,,,,,right_only,255,204.0,1989-11-01
,,,,7.4,,,1989.0,11.0,1.0,,1989-11-01,18.0,25.0,34.9,3.0,1.0,29.0,,0.0,JAPAN,,85.0,JAPAN,39.836999999999996,142.76,0.9,12.0,,-0.7,,,,,,right_only,256,448.0,1989-11-01
,,,,6.4,,,1990.0,2.0,20.0,,1990-02-20,6.0,53.0,39.8,4.0,1.0,14.0,,0.0,JAPAN,,85.0,JAPAN,34.705999999999996,139.252,0.16,1.0,,-1.7,,,,,,right_only,257,15.0,1990-02-20
,,,,7.0,,,1990.0,3.0,25.0,,1990-03-25,13.0,22.0,55.6,4.0,1.0,22.0,,0.0,COSTA RICA,,88.0,COSTA RICA,9.919,-84.80799999999999,1.0,4.0,,,,,,,,right_only,258,89.0,1990-03-25
,,,,7.5,,,1990.0,4.0,5.0,,1990-04-05,21.0,12.0,35.5,4.0,1.0,11.0,,0.0,USA TERRITORY,MP,81.0,"MARIANA TRENCH, N. MARIANA ISLANDS",15.125,147.596,1.8,34.0,,-1.0,,,,,,right_only,259,5984.0,1990-04-05
,,,,7.3,,,1990.0,6.0,20.0,,1990-06-20,21.0,0.0,9.9,3.0,3.0,19.0,,0.0,IRAN,,40.0,CASPIAN SEA,36.957,49.409,2.0,6.0,,,,,,,,right_only,260,172.0,1990-06-20
,,,,6.5,,,1990.0,9.0,23.0,,1990-09-23,21.0,13.0,7.4,4.0,1.0,10.0,,0.0,JAPAN,,85.0,"W. OF BONIN ISLANDS, IZU IS., JAPAN",33.266999999999996,138.643,0.2,4.0,,,,,,,,right_only,261,182.0,1990-09-23
,,,,5.3,,,1990.0,12.0,13.0,,1990-12-13,0.0,24.0,25.7,4.0,1.0,11.0,,0.0,ITALY,,50.0,EASTERN SICILY,37.3,15.437999999999999,0.1,1.0,,,,,,,,right_only,262,22.0,1990-12-13
,,,,6.3,,,1990.0,12.0,13.0,,1990-12-13,19.0,50.0,17.8,4.0,1.0,10.0,,0.0,TAIWAN,,84.0,TAIWAN,23.721999999999998,121.62700000000001,0.04,2.0,,,,,,,,right_only,263,390.0,1990-12-13
,,,,6.9,,,1991.0,2.0,9.0,,1991-02-09,16.0,18.0,58.3,4.0,1.0,10.0,,0.0,SOLOMON ISLANDS,,82.0,SOLOMON ISLANDS,-9.929,159.139,0.02,1.0,,-3.3,,,,,,right_only,264,105.0,1991-02-09
,,,,5.7,,,1991.0,2.0,16.0,,1991-02-16,1.0,23.0,40.4,4.0,1.0,39.0,,0.0,RUSSIA,,86.0,N. KURIL ISLANDS,48.268,154.328,0.1,1.0,,-3.3,,,,,,right_only,265,758.0,1991-02-16
1991-02-21T02:35:34.050Z,58.427,-175.45,20.2,6.7,Bering Sea,earthquake,1991.0,2.0,21.0,1991-02-21,1991-02-21,2.0,35.0,34.0,4.0,1.0,20.0,,0.0,USA,AK,87.0,"BERING SEA, AK",58.427,-175.45,0.15,2.0,,-1.7,,,,,,both,266,748.0,1991-02-21
,,,,7.6,,,1991.0,4.0,22.0,,1991-04-22,21.0,56.0,51.8,4.0,1.0,10.0,,0.0,COSTA RICA,,74.0,"LIMON, PANDORA",9.685,-83.073,3.0,21.0,,1.0,,3.0,,,,right_only,267,2169.0,1991-04-22
,,,,7.2,,,1991.0,10.0,14.0,,1991-10-14,15.0,58.0,12.7,4.0,1.0,23.0,,0.0,SOLOMON ISLANDS,,82.0,SOLOMON ISLANDS,-9.094,158.442,0.15,2.0,,-3.3,-2.5,,,,,right_only,268,879.0,1991-10-14
,,,,7.2,,,1992.0,4.0,25.0,,1992-04-25,18.0,6.0,4.2,4.0,1.0,15.0,,0.0,USA,CA,88.0,"CAPE MENDOCINO, N. CALIFORNIA",40.368,-124.316,1.8,14.0,,0.8,0.5,,,,,right_only,269,3730.0,1992-04-25
,,,,7.3,,,1992.0,5.0,17.0,,1992-05-17,10.0,15.0,31.3,4.0,1.0,33.0,,1.0,PHILIPPINES,,84.0,PHILIPPINES,7.191,126.762,6.0,3.0,,,,,,,,right_only,270,27.0,1992-05-17
,,,,7.1,,,1992.0,5.0,27.0,,1992-05-27,5.0,13.0,38.8,4.0,1.0,19.0,,0.0,SOLOMON ISLANDS,,82.0,SANTA CRUZ ISLANDS,-11.122,165.239,,1.0,,,,,,,,right_only,271,,1992-05-27
,,,,7.0,,,1992.0,7.0,18.0,,1992-07-18,8.0,36.0,58.7,4.0,1.0,29.0,,0.0,JAPAN,,85.0,HONSHU ISLAND,39.419000000000004,143.33,0.3,4.0,,-2.3,-0.5,,,,,right_only,272,202.0,1992-07-18
,,,,7.7,,,1992.0,9.0,2.0,,1992-09-02,0.0,16.0,2.8,4.0,1.0,40.0,,8.0,NICARAGUA,,88.0,NICARAGUA,11.727,-87.38600000000001,9.9,81.0,,3.3,2.8,170.0,,489.0,30.0,right_only,273,12445.0,1992-09-02
,,,,7.8,,,1992.0,12.0,12.0,,1992-12-12,5.0,29.0,26.3,4.0,1.0,28.0,,9.0,INDONESIA,,60.0,FLORES SEA,-8.48,121.896,26.2,111.0,,4.7,2.7,1169.0,,500.0,100.0,right_only,274,877.0,1992-12-12
,,,,6.3,,,1993.0,2.0,7.0,,1993-02-07,13.0,27.0,42.0,4.0,1.0,11.0,,0.0,JAPAN,,85.0,HONSHU ISLAND,37.634,137.245,0.5,1.0,,-1.0,-0.5,,,,,right_only,275,40.0,1993-02-07
,,,,6.4,,,1993.0,3.0,12.0,,1993-03-12,14.0,1.0,35.4,3.0,1.0,10.0,,0.0,WALLIS AND FUTUNA (FRENCH TERRITORY),,81.0,FUTUNA,-14.385,-178.252,,1.0,,,,,,,,right_only,276,14.0,1993-03-12
,,,,7.5,,,1993.0,6.0,8.0,,1993-06-08,13.0,3.0,36.4,4.0,1.0,71.0,,0.0,RUSSIA,,86.0,KAMCHATKA,51.218,157.829,0.1,6.0,,-1.0,-0.5,,,,,right_only,277,5379.0,1993-06-08
,,,,7.7,,,1993.0,7.0,12.0,,1993-07-12,13.0,17.0,11.9,4.0,1.0,17.0,,19.0,JAPAN,,85.0,SEA OF JAPAN,42.851000000000006,139.197,32.0,196.0,,5.0,3.1,208.0,,233.0,1207.0,right_only,278,1324.0,1993-07-12
,,,,6.3,,,1993.0,8.0,7.0,,1993-08-07,19.0,42.0,41.9,4.0,1.0,13.0,,0.0,JAPAN,,85.0,JAPAN,41.985,139.839,0.16,1.0,,,,,,,,right_only,279,28.0,1993-08-07
,,,,7.8,,,1993.0,8.0,8.0,,1993-08-08,8.0,34.0,24.9,4.0,1.0,59.0,,0.0,USA TERRITORY,GU,81.0,"GUAM, MARIANA ISLANDS",12.982000000000001,144.80100000000002,2.4,48.0,,-1.0,,,,,,right_only,280,6458.0,1993-08-08
,,,,7.0,,,1993.0,11.0,13.0,,1993-11-13,1.0,18.0,4.1,4.0,1.0,34.0,,0.0,RUSSIA,,86.0,KAMCHATKA,51.934,158.64700000000002,0.05,1.0,,-3.3,-3.0,,,,,right_only,281,120.0,1993-11-13
,,,,7.0,,,1994.0,1.0,21.0,,1994-01-21,2.0,24.0,29.9,4.0,1.0,20.0,,0.0,INDONESIA,,83.0,HALMAHERA,1.015,127.73299999999999,2.0,3.0,,1.0,1.5,,,,,right_only,282,85.0,1994-01-21
,,,,6.4,,,1994.0,4.0,8.0,,1994-04-08,1.0,10.0,40.8,4.0,1.0,13.0,,0.0,JAPAN,,85.0,HOKKAIDO ISLAND,40.608000000000004,143.683,0.11,3.0,,-2.3,-1.5,,,,,right_only,283,318.0,1994-04-08
1994-06-02T18:17:34.020Z,-10.477,112.835,18.4,7.8,"south of Java, Indonesia",earthquake,1994.0,6.0,2.0,1994-06-02,1994-06-02,18.0,17.0,34.0,4.0,1.0,18.0,,5.0,INDONESIA,,60.0,SOUTH OF JAVA,-10.477,112.835,13.9,74.0,,3.7,2.5,238.0,,423.0,2.2,both,284,1607.0,1994-06-02
,,,,6.6,,,1994.0,6.0,3.0,,1994-06-03,21.0,6.0,59.8,4.0,1.0,26.0,,0.0,INDONESIA,,60.0,SOUTH OF JAVA,-10.362,112.89200000000001,3.7,1.0,,,,,,,,right_only,285,308.0,1994-06-03
,,,,7.0,,,1994.0,9.0,1.0,,1994-09-01,15.0,15.0,53.0,4.0,1.0,10.0,,0.0,USA,CA,88.0,N. CALIFORNIA,40.402,-125.68,0.07,1.0,,-3.3,-3.0,,,,,right_only,287,195.0,1994-09-01
,,,,8.3,,,1994.0,10.0,4.0,,1994-10-04,13.0,22.0,55.8,4.0,1.0,14.0,,2.0,RUSSIA,,86.0,S. KURIL ISLANDS,43.773,147.321,10.4,118.0,,2.3,2.6,,,,,right_only,288,16535.0,1994-10-04
,,,,6.8,,,1994.0,10.0,8.0,,1994-10-08,21.0,44.0,7.2,4.0,1.0,17.0,,0.0,INDONESIA,,83.0,HALMAHERA,-1.258,127.98,3.0,1.0,,1.6,1.5,1.0,,52.0,,right_only,289,39.0,1994-10-08
,,,,7.3,,,1994.0,10.0,9.0,,1994-10-09,7.0,55.0,39.5,4.0,1.0,33.0,,0.0,RUSSIA,,86.0,S. KURIL ISLANDS,43.905,147.916,0.2,2.0,,-3.3,-3.0,,,,,right_only,290,304.0,1994-10-09
,,,,7.1,,,1994.0,11.0,14.0,,1994-11-14,19.0,15.0,30.6,4.0,1.0,32.0,,3.0,PHILIPPINES,,84.0,PHILIPPINE ISLANDS,13.525,121.06700000000001,7.3,56.0,,2.9,2.1,81.0,,225.0,3.7,right_only,291,133.0,1994-11-14
1994-12-28T12:19:23.030Z,40.525,143.41899999999998,26.5,7.8,"off the east coast of Honshu, Japan",earthquake,1994.0,12.0,28.0,1994-12-28,1994-12-28,12.0,19.0,23.0,4.0,1.0,27.0,,0.0,JAPAN,,85.0,"TOHUKU, JAPAN",40.525,143.41899999999998,0.53,13.0,,,,,,,,both,292,699.0,1994-12-28
,,,,6.9,,,1995.0,1.0,16.0,,1995-01-16,20.0,46.0,52.1,4.0,1.0,22.0,,0.0,JAPAN,,85.0,"KOBE, JAPAN",34.583,135.018,0.34,2.0,,-2.3,-2.0,,,,,right_only,293,21.0,1995-01-16
,,,,7.4,,,1995.0,4.0,7.0,,1995-04-07,22.0,6.0,56.8,4.0,1.0,21.0,,0.0,SAMOA,,81.0,SAMOA ISLANDS,-15.199000000000002,-173.52900000000002,0.09,2.0,,-1.7,-1.5,,,,,right_only,294,575.0,1995-04-07
1995-04-21T00:34:46.090Z,12.059000000000001,125.58,20.7,7.2,"Samar, Philippines",earthquake,1995.0,4.0,21.0,1995-04-21,1995-04-21,0.0,34.0,46.0,4.0,1.0,21.0,,0.0,PHILIPPINES,,84.0,SAMAR ISLAND,12.059000000000001,125.58,0.2,1.0,,-3.3,-2.0,,,,,both,295,233.0,1995-04-21
,,,,6.9,,,1995.0,5.0,14.0,,1995-05-14,11.0,33.0,21.1,4.0,3.0,13.0,,0.0,INDONESIA,,60.0,TIMOR SEA,-8.452,125.04899999999999,4.0,2.0,,2.0,1.5,11.0,,19.0,,right_only,296,58.0,1995-05-14
,,,,7.7,,,1995.0,5.0,16.0,,1995-05-16,20.0,12.0,44.2,4.0,1.0,20.0,,0.0,NEW CALEDONIA,,82.0,LOYALTY ISLANDS,-23.008000000000003,169.9,0.5,9.0,,-1.3,-2.0,,,,,right_only,297,3125.0,1995-05-16
,,,,7.1,,,1995.0,5.0,27.0,,1995-05-27,13.0,3.0,52.6,4.0,1.0,11.0,,0.0,RUSSIA,,86.0,SAKHALIN ISLAND,52.629,142.827,0.1,2.0,,-2.3,-2.0,,,,,right_only,298,57.0,1995-05-27
,,,,6.5,,,1995.0,6.0,15.0,,1995-06-15,0.0,15.0,48.7,4.0,3.0,14.0,,1.0,GREECE,,50.0,GULF OF CORINTH: AIYION,38.400999999999996,22.283,1.0,2.0,,-1.0,3.0,,,,,right_only,299,24.0,1995-06-15
,,,,8.0,,,1995.0,7.0,30.0,,1995-07-30,5.0,11.0,23.6,4.0,1.0,46.0,,3.0,CHILE,,89.0,NORTHERN CHILE,-23.34,-70.294,3.0,91.0,,1.6,1.5,,,,0.131,right_only,300,18431.0,1995-07-30
,,,,7.7,,,1995.0,8.0,16.0,,1995-08-16,10.0,27.0,28.6,4.0,1.0,30.0,,0.0,PAPUA NEW GUINEA,,82.0,SOLOMON SEA,-5.7989999999999995,154.178,0.28,2.0,,-1.0,-1.5,,,,,right_only,301,2207.0,1995-08-16
,,,,7.4,,,1995.0,9.0,14.0,,1995-09-14,14.0,4.0,31.4,3.0,1.0,23.0,,0.0,MEXICO,,88.0,S. MEXICO,16.779,-98.59700000000001,0.4,1.0,,-1.3,-1.0,,,,,right_only,302,657.0,1995-09-14
,,,,8.0,,,1995.0,10.0,9.0,,1995-10-09,15.0,35.0,53.9,4.0,1.0,33.0,,1.0,MEXICO,,88.0,S. MEXICO,19.055,-104.205,11.0,34.0,,2.3,2.5,1.0,,,,right_only,303,12176.0,1995-10-09
,,,,7.1,,,1995.0,10.0,18.0,,1995-10-18,10.0,37.0,26.3,4.0,1.0,28.0,,0.0,JAPAN,,85.0,RYUKYU ISLANDS,27.929000000000002,130.175,2.59,42.0,,0.8,1.5,,,,,right_only,304,1332.0,1995-10-18
,,,,6.8,,,1995.0,10.0,19.0,,1995-10-19,2.0,41.0,36.1,4.0,3.0,20.0,,0.0,JAPAN,,85.0,RYUKYU ISLANDS,28.094,130.148,1.5,16.0,,0.6,0.5,,,,,right_only,305,1192.0,1995-10-19
,,,,6.7,,,1995.0,11.0,1.0,,1995-11-01,0.0,35.0,32.7,4.0,1.0,20.0,,0.0,CHILE,,89.0,NORTHERN CHILE,-28.906,-71.417,0.1,1.0,,-3.3,-3.0,,,,,right_only,306,212.0,1995-11-01
,,,,7.2,,,1995.0,11.0,22.0,,1995-11-22,4.0,15.0,11.9,4.0,1.0,10.0,,0.0,EGYPT,,30.0,GULF OF ELAT-AQABA,28.826,34.799,4.0,7.0,,,,,,,,right_only,307,81.0,1995-11-22
,,,,7.9,,,1995.0,12.0,3.0,,1995-12-03,18.0,1.0,8.9,4.0,1.0,33.0,,0.0,RUSSIA,,86.0,S. KURIL ISLANDS,44.663000000000004,149.3,1.1,37.0,,0.1,0.5,,,,,right_only,308,9271.0,1995-12-03
,,,,7.9,,,1996.0,1.0,1.0,,1996-01-01,8.0,5.0,10.8,4.0,1.0,24.0,,0.0,INDONESIA,,83.0,SULAWESI,0.7290000000000001,119.931,3.43,16.0,,2.3,1.8,9.0,,63.0,1.2,right_only,309,39.0,1996-01-01
,,,,8.2,,,1996.0,2.0,17.0,,1996-02-17,5.0,59.0,30.5,4.0,1.0,33.0,,1.0,INDONESIA,,83.0,IRIAN JAYA,-0.8909999999999999,136.952,7.7,115.0,,2.9,1.8,110.0,,100.0,4.2,right_only,310,11404.0,1996-02-17
,,,,7.5,,,1996.0,2.0,21.0,,1996-02-21,12.0,51.0,1.3,4.0,1.0,10.0,,1.0,PERU,,89.0,N. PERU,-9.593,-79.587,5.04,59.0,,2.3,1.9,12.0,,57.0,,right_only,311,9054.0,1996-02-21
,,,,7.1,,,1996.0,2.0,25.0,,1996-02-25,3.0,8.0,15.8,4.0,1.0,21.0,,0.0,MEXICO,,88.0,MEXICO,15.978,-98.07,0.1,1.0,,-3.3,-3.0,,,,,right_only,312,2016.0,1996-02-25
,,,,7.9,,,1996.0,6.0,10.0,,1996-06-10,4.0,3.0,35.4,4.0,1.0,33.0,,0.0,USA,AK,87.0,"ANDREANOF ISLANDS, AK",51.56399999999999,-177.632,0.51,64.0,,,0.5,,,,,right_only,313,13880.0,1996-06-10
1996-06-10T15:24:56.000Z,51.478,-176.847,26.3,7.3,"Andreanof Islands, Aleutian Islands, Alaska",earthquake,1996.0,6.0,10.0,1996-06-10,1996-06-10,15.0,24.0,56.0,4.0,1.0,24.0,,0.0,USA,AK,87.0,"ANDREANOF ISLANDS, AK",51.478,-176.847,0.18,1.0,,-3.3,-1.5,,,,,both,314,45.0,1996-06-10
,,,,5.7,,,1996.0,9.0,4.0,,1996-09-04,18.0,16.0,1.9,4.0,1.0,33.0,,0.0,JAPAN,,85.0,HONSHU ISLAND,31.555,139.931,0.3,14.0,,-2.3,-2.0,,,,,right_only,315,1065.0,1996-09-04
,,,,6.9,,,1996.0,9.0,5.0,,1996-09-05,8.0,14.0,14.4,4.0,1.0,10.0,,0.0,CHILE,,89.0,EASTER ISLAND REGION,-22.118000000000002,-113.436,0.09,2.0,,-3.3,-2.5,,,,,right_only,316,3615.0,1996-09-05
1996-09-05T23:42:06.150Z,21.898000000000003,121.49799999999999,20.0,6.8,Taiwan region,earthquake,1996.0,9.0,5.0,1996-09-05,1996-09-05,23.0,42.0,6.0,4.0,1.0,20.0,,0.0,TAIWAN,,84.0,TAIWAN REGION,21.898000000000003,121.49799999999999,0.11,3.0,,,,,,,,both,317,336.0,1996-09-05
,,,,6.6,,,1996.0,10.0,18.0,,1996-10-18,10.0,50.0,20.8,4.0,1.0,10.0,,0.0,JAPAN,,85.0,KYUSHU ISLAND,30.568,131.093,0.2,1.0,,-2.3,-2.5,,,,,right_only,318,20.0,1996-10-18
,,,,6.7,,,1996.0,10.0,19.0,,1996-10-19,14.0,44.0,40.7,4.0,1.0,22.0,,0.0,JAPAN,,85.0,KYUSHU ISLAND,31.885,131.468,0.55,6.0,,0.1,0.5,,,,,right_only,319,296.0,1996-10-19
1996-11-12T16:59:44.030Z,-14.993,-75.675,33.0,7.7,near the coast of central Peru,earthquake,1996.0,11.0,12.0,1996-11-12,1996-11-12,16.0,59.0,44.0,4.0,1.0,33.0,,0.0,PERU,,89.0,S. PERU,-14.993,-75.675,0.4,3.0,,-1.7,-1.0,,,,,both,320,1433.0,1996-11-12
,,,,6.7,,,1996.0,12.0,2.0,,1996-12-02,22.0,17.0,59.2,4.0,1.0,49.0,,0.0,JAPAN,,85.0,SEA OF JAPAN,31.789,131.314,0.2,4.0,,-2.3,-2.0,,,,,right_only,321,314.0,1996-12-02
,,,,7.7,,,1997.0,4.0,21.0,,1997-04-21,12.0,2.0,26.4,4.0,1.0,33.0,,0.0,SOLOMON ISLANDS,,82.0,SANTA CRUZ IS. VANUATU,-12.584000000000001,166.676,3.0,41.0,,-2.3,-2.0,,,,,right_only,322,6599.0,1997-04-21
,,,,7.0,,,1997.0,7.0,9.0,,1997-07-09,19.0,24.0,13.1,3.0,1.0,20.0,,0.0,VENEZUELA,,74.0,CARIACO-CUMANA,10.597999999999999,-63.486000000000004,,1.0,,,,,,,,right_only,323,298.0,1997-07-09
,,,,6.2,,,1997.0,9.0,30.0,,1997-09-30,6.0,27.0,24.7,4.0,1.0,10.0,,0.0,JAPAN,,85.0,S. OF HONSHU ISLAND,31.959,141.878,0.03,1.0,,,,,,,,right_only,324,542.0,1997-09-30
,,,,7.7,,,1997.0,10.0,14.0,,1997-10-14,9.0,53.0,18.1,4.0,1.0,167.0,,0.0,TONGA,,81.0,TONGA ISLANDS,-22.1,-176.77,0.1,1.0,,,,,,,,right_only,325,668.0,1997-10-14
,,,,7.8,,,1997.0,12.0,5.0,,1997-12-05,11.0,26.0,54.6,4.0,1.0,33.0,,0.0,RUSSIA,,86.0,KAMCHATKA,54.841,162.035,8.0,18.0,,0.6,0.5,,,,,right_only,326,5306.0,1997-12-05
,,,,7.5,,,1998.0,5.0,3.0,,1998-05-03,23.0,30.0,21.9,4.0,1.0,33.0,,0.0,TAIWAN,,84.0,TAIWAN:  SOUTHEAST OF,22.305999999999997,125.30799999999999,0.13,14.0,,,,,,,,right_only,327,1990.0,1998-05-03
,,,,7.0,,,1998.0,7.0,17.0,,1998-07-17,8.0,49.0,16.1,4.0,3.0,25.0,,20.0,PAPUA NEW GUINEA,,82.0,PAPUA NEW GUINEA,-2.943,142.582,15.03,93.0,,,,1636.0,,1000.0,,right_only,328,5410.0,1998-07-17
,,,,7.7,,,1998.0,11.0,29.0,,1998-11-29,14.0,10.0,31.9,2.0,1.0,33.0,,0.0,INDONESIA,,83.0,"TALIABU ISLAND,",-2.0709999999999997,124.891,2.75,1.0,,,,,,,,right_only,329,30.0,1998-11-29
,,,,7.6,,,1999.0,8.0,17.0,,1999-08-17,0.0,1.0,39.1,4.0,1.0,13.0,,4.0,TURKEY,,50.0,"KOCAELI, TURKEY",40.76,29.97,2.52,26.0,,,,155.0,,,,right_only,330,48.0,1999-08-17
,,,,7.5,,,1999.0,11.0,26.0,,1999-11-26,13.0,21.0,15.5,4.0,1.0,33.0,,0.0,VANUATU,,82.0,VANUATU ISLANDS,-16.423,168.21400000000003,6.6,53.0,,,,5.0,,,,right_only,331,9423.0,1999-11-26
,,,,5.5,,,2000.0,4.0,5.0,,2000-04-05,4.0,36.0,59.8,2.0,1.0,38.0,,0.0,GREECE,,50.0,CRETE,34.22,25.69,0.5,1.0,,,,,,,,right_only,332,133.0,2000-04-05
,,,,7.6,,,2000.0,5.0,4.0,,2000-05-04,4.0,21.0,16.2,4.0,1.0,26.0,,0.0,INDONESIA,,83.0,SULAWESI,-1.105,123.573,6.0,2.0,,,,,,,,right_only,333,63.0,2000-05-04
,,,,7.9,,,2000.0,6.0,18.0,,2000-06-18,14.0,44.0,13.3,4.0,1.0,10.0,,0.0,AUSTRALIA,,60.0,SOUTH INDIAN OCEAN,-13.802,97.45299999999999,0.3,1.0,,,,,,,,right_only,334,197.0,2000-06-18
,,,,6.1,,,2000.0,7.0,1.0,,2000-07-01,7.0,1.0,55.5,4.0,1.0,10.0,5104.0,1.0,JAPAN,,85.0,"KOZU-SHIMA ISLAND, HONSHU",34.221,139.131,0.07,4.0,,,,,,,,right_only,335,100.0,2000-07-01
,,,,6.1,,,2000.0,7.0,15.0,,2000-07-15,1.0,30.0,30.5,4.0,1.0,10.0,,0.0,JAPAN,,85.0,HONSHU: S COAST,34.319,139.26,0.07,1.0,,,,,,,,right_only,336,53.0,2000-07-15
,,,,6.5,,,2000.0,7.0,30.0,,2000-07-30,12.0,25.0,45.5,4.0,1.0,10.0,,0.0,JAPAN,,85.0,HONSHU: S COAST,33.900999999999996,139.376,0.14,1.0,,,,,,,,right_only,337,21.0,2000-07-30
,,,,8.0,,,2000.0,11.0,16.0,,2000-11-16,4.0,54.0,55.9,4.0,1.0,17.0,,0.0,PAPUA NEW GUINEA,,82.0,BISMARCK SEA,-4.001,152.327,3.0,9.0,,,,,,,,right_only,338,716.0,2000-11-16
,,,,7.7,,,2001.0,1.0,13.0,,2001-01-13,17.0,33.0,32.3,3.0,1.0,60.0,,0.0,EL SALVADOR,,88.0,EL SALVADOR,13.049000000000001,-88.66,0.25,1.0,,,,,,,,right_only,339,139.0,2001-01-13
,,,,8.4,,,2001.0,6.0,23.0,,2001-06-23,20.0,33.0,14.1,4.0,1.0,33.0,,4.0,PERU,,89.0,S. PERU,-16.265,-73.641,8.8,151.0,,,,26.0,70.0,,,right_only,340,17836.0,2001-06-23
2001-10-12T05:02:34.000Z,52.63,-132.2,20.0,6.1,"Haida Gwaii, Canada",earthquake,2001.0,10.0,12.0,2001-10-12,2001-10-12,5.0,2.0,34.0,4.0,1.0,20.0,,0.0,CANADA,BC,88.0,QUEEN CHARLOTTE ISLANDS,52.63,-132.2,0.11,4.0,,,,,,,,both,341,652.0,2001-10-12
,,,,6.8,,,2001.0,12.0,18.0,,2001-12-18,4.0,2.0,58.2,4.0,1.0,14.0,,0.0,TAIWAN,,84.0,TAIWAN,23.954,122.734,0.12,4.0,,,,,,,,right_only,342,151.0,2001-12-18
,,,,7.2,,,2002.0,1.0,2.0,,2002-01-02,17.0,22.0,48.7,4.0,1.0,21.0,,0.0,VANUATU,,82.0,VANUATU ISLANDS,-17.6,167.856,3.0,2.0,,-4.64,-4.14,,,,,right_only,343,51.0,2002-01-02
,,,,7.5,,,2002.0,3.0,5.0,,2002-03-05,21.0,16.0,9.1,4.0,1.0,31.0,,0.0,PHILIPPINES,,84.0,"MINDANAO ISLAND, PHILIPPINES",6.0329999999999995,124.249,3.0,3.0,,,,,,,,right_only,344,41.0,2002-03-05
,,,,6.4,,,2002.0,3.0,26.0,,2002-03-26,3.0,45.0,48.7,3.0,1.0,33.0,,0.0,JAPAN,,85.0,JAPAN,23.346,124.09,0.05,3.0,,,,,,,,right_only,345,169.0,2002-03-26
,,,,7.1,,,2002.0,3.0,31.0,,2002-03-31,6.0,52.0,50.4,4.0,1.0,33.0,,0.0,TAIWAN,,84.0,TAIWAN,24.279,122.179,0.2,11.0,,,,,,,,right_only,346,219.0,2002-03-31
,,,,7.6,,,2002.0,9.0,8.0,,2002-09-08,18.0,44.0,25.5,4.0,1.0,13.0,,0.0,PAPUA NEW GUINEA,,82.0,BISMARCK SEA,-3.26,142.94,5.5,88.0,,0.58,1.08,,,,,right_only,347,4259.0,2002-09-08
,,,,6.5,,,2002.0,9.0,13.0,,2002-09-13,22.0,28.0,29.4,4.0,1.0,21.0,,0.0,INDIA,,60.0,"ANDAMAN ISLANDS, INDIA",13.036,93.068,,4.0,,,,,,,,right_only,348,155.0,2002-09-13
2003-01-20T08:43:06.070Z,-10.491,160.77,33.0,7.3,Solomon Islands,earthquake,2003.0,1.0,20.0,2003-01-20,2003-01-20,8.0,43.0,6.0,4.0,1.0,33.0,,0.0,SOLOMON ISLANDS,,82.0,SOLOMON ISLANDS,-10.491,160.77,2.0,2.0,,,,,,,,both,349,148.0,2003-01-20
,,,,7.5,,,2003.0,1.0,22.0,,2003-01-22,2.0,6.0,34.6,4.0,1.0,24.0,,1.0,MEXICO,,88.0,S. MEXICO,18.77,-104.104,0.61,6.0,,,0.5,,,,,right_only,350,4115.0,2003-01-22
,,,,6.8,,,2003.0,5.0,21.0,,2003-05-21,18.0,44.0,20.1,4.0,1.0,12.0,,1.0,ALGERIA,,50.0,N. ALGERIA,36.964,3.634,3.0,39.0,,1.0,1.5,,,,,right_only,351,940.0,2003-05-21
,,,,5.7,,,2003.0,5.0,27.0,,2003-05-27,17.0,11.0,28.8,4.0,1.0,8.0,,0.0,ALGERIA,,50.0,ALGIERS,36.939,3.5780000000000003,0.08,2.0,,,,,,,,right_only,352,333.0,2003-05-27
,,,,7.2,,,2003.0,8.0,21.0,,2003-08-21,12.0,12.0,49.7,4.0,3.0,28.0,,0.0,NEW ZEALAND,,81.0,SOUTH ISLAND,-45.104,167.144,0.15,2.0,,,,,,,,right_only,353,1817.0,2003-08-21
,,,,8.3,,,2003.0,9.0,25.0,,2003-09-25,19.0,50.0,6.3,4.0,1.0,27.0,,1.0,JAPAN,,85.0,HOKKAIDO ISLAND,41.815,143.91,4.4,268.0,,,,2.0,,,,right_only,354,7884.0,2003-09-25
,,,,7.0,,,2003.0,10.0,31.0,,2003-10-31,1.0,6.0,28.2,4.0,1.0,10.0,,0.0,JAPAN,,85.0,E. HONSHU ISLAND,37.812,142.619,0.32,4.0,,,,,,,,right_only,355,212.0,2003-10-31
,,,,7.8,,,2003.0,11.0,17.0,,2003-11-17,6.0,43.0,6.8,4.0,1.0,33.0,,0.0,USA,AK,87.0,"RAT ISLANDS, ALEUTIAN ISLANDS, AK",51.146,178.65,0.33,20.0,,,,,,,,right_only,356,14914.0,2003-11-17
,,,,6.1,,,2003.0,12.0,27.0,,2003-12-27,4.0,55.0,25.4,4.0,1.0,10.0,,0.0,NEW CALEDONIA,,82.0,LOYALTY ISLANDS,-22.107,169.35,0.15,2.0,,,,,,,,right_only,357,496.0,2003-12-27
,,,,6.7,,,2004.0,1.0,28.0,,2004-01-28,22.0,15.0,30.7,4.0,1.0,17.0,,0.0,INDONESIA,,83.0,SERAM ISLAND,-3.12,127.4,,1.0,,,,,,,,right_only,358,39.0,2004-01-28
,,,,5.3,,,2004.0,2.0,11.0,,2004-02-11,8.0,15.0,3.8,4.0,1.0,27.0,,1.0,JORDAN,,50.0,DEAD SEA,31.675,35.551,1.0,1.0,,,,,,,,right_only,359,11.0,2004-02-11
,,,,7.2,,,2004.0,9.0,5.0,,2004-09-05,10.0,7.0,7.8,4.0,1.0,14.0,,0.0,JAPAN,,85.0,SOUTH COAST HONSHU ISLAND,33.07,136.618,0.63,12.0,,,,,,,,right_only,360,854.0,2004-09-05
,,,,7.4,,,2004.0,9.0,5.0,,2004-09-05,14.0,57.0,18.6,4.0,1.0,10.0,,0.0,JAPAN,,85.0,SOUTH COAST HONSHU ISLAND,33.184,137.071,0.93,24.0,,,,,,,,right_only,361,837.0,2004-09-05
,,,,6.6,,,2004.0,11.0,2.0,,2004-11-02,10.0,2.0,12.8,4.0,1.0,10.0,,0.0,CANADA,BC,88.0,VANCOUVER ISLAND,49.277,-128.77200000000002,0.06,2.0,,,,,,,,right_only,362,269.0,2004-11-02
,,,,7.5,,,2004.0,11.0,11.0,,2004-11-11,21.0,26.0,41.1,4.0,1.0,10.0,,0.0,INDONESIA,,60.0,KEPULAUAN ALOR,-8.152000000000001,124.868,2.0,3.0,,,,,,,,right_only,363,89.0,2004-11-11
,,,,6.3,,,2004.0,11.0,21.0,,2004-11-21,11.0,41.0,7.7,4.0,1.0,14.0,,1.0,GUADELOUPE (FRENCH TERRITORY),,74.0,"BASSE-TERRE, LES SAINTES",15.679,-61.706,0.7,7.0,,,,,,,,right_only,364,36.0,2004-11-21
,,,,7.1,,,2004.0,11.0,22.0,,2004-11-22,20.0,26.0,23.9,4.0,1.0,10.0,,0.0,NEW ZEALAND,,81.0,PUYSEGUR TRENCH,-46.676,164.72099999999998,,1.0,,,,,,,,right_only,365,,2004-11-22
,,,,7.0,,,2004.0,11.0,28.0,,2004-11-28,18.0,32.0,14.1,4.0,1.0,39.0,,0.0,JAPAN,,85.0,HOKKAIDO ISLAND,43.006,145.119,0.12,2.0,,,,,,,,right_only,366,61.0,2004-11-28
,,,,8.1,,,2004.0,12.0,23.0,,2004-12-23,14.0,59.0,4.4,4.0,1.0,10.0,,0.0,AUSTRALIA,,81.0,MACQUARIE ISLAND,-49.312,161.345,0.3,4.0,,,,,,,,right_only,367,1859.0,2004-12-23
,,,,9.1,,,2004.0,12.0,26.0,,2004-12-26,0.0,58.0,53.4,4.0,1.0,30.0,,143.0,INDONESIA,,60.0,OFF W. COAST OF SUMATRA,3.3160000000000003,95.854,50.9,1655.0,,,,227899.0,,,10000.0,right_only,368,19267.0,2004-12-26
,,,,6.6,,,2005.0,1.0,19.0,,2005-01-19,6.0,11.0,36.4,4.0,1.0,28.0,,0.0,JAPAN,,85.0,E. HONSHU ISLAND,34.064,141.491,0.39,11.0,,,,,,,,right_only,369,532.0,2005-01-19
,,,,5.8,,,2005.0,2.0,14.0,,2005-02-14,18.0,5.0,59.3,3.0,1.0,12.0,,0.0,GUADELOUPE (FRENCH TERRITORY),,74.0,DOMINICA PASSAGE,15.775,-61.744,,2.0,,,,,,,,right_only,370,16.0,2005-02-14
,,,,8.6,,,2005.0,3.0,28.0,,2005-03-28,16.0,9.0,36.5,4.0,1.0,30.0,,1.0,INDONESIA,,60.0,INDONESIA,2.085,97.10799999999999,4.2,64.0,,,,10.0,,,,right_only,371,9032.0,2005-03-28
,,,,6.7,,,2005.0,4.0,10.0,,2005-04-10,10.0,29.0,11.2,4.0,1.0,19.0,,0.0,INDONESIA,,60.0,KEPULAUAN MENTAWAI,-1.6440000000000001,99.60700000000001,0.4,1.0,,,,,,,,right_only,372,112.0,2005-04-10
,,,,7.2,,,2005.0,6.0,15.0,,2005-06-15,2.0,50.0,53.1,4.0,1.0,10.0,,0.0,USA,CA,88.0,N. CALIFORNIA,41.301,-125.97,0.1,5.0,,,,,,,,right_only,373,873.0,2005-06-15
,,,,7.2,,,2005.0,8.0,16.0,,2005-08-16,2.0,46.0,28.4,4.0,1.0,36.0,,0.0,JAPAN,,85.0,E. COAST HONSHU ISLAND,38.275999999999996,142.039,0.05,1.0,,,,,,,,right_only,374,43.0,2005-08-16
,,,,7.0,,,2005.0,11.0,14.0,,2005-11-14,21.0,38.0,51.4,4.0,1.0,11.0,,0.0,JAPAN,,85.0,E. COAST HONSHU ISLAND,38.107,144.89600000000002,0.42,1.0,,,,,,,,right_only,375,292.0,2005-11-14
,,,,6.7,,,2006.0,3.0,14.0,,2006-03-14,6.0,57.0,33.8,4.0,1.0,30.0,,0.0,INDONESIA,,83.0,SERAM ISLAND,-3.595,127.214,3.5,1.0,,,,4.0,,,,right_only,376,35.0,2006-03-14
,,,,8.0,,,2006.0,5.0,3.0,,2006-05-03,15.0,26.0,40.2,4.0,1.0,55.0,,0.0,TONGA,,81.0,TONGA,-20.187,-174.123,0.27,53.0,,,,,,,,right_only,377,10366.0,2006-05-03
,,,,7.7,,,2006.0,7.0,17.0,,2006-07-17,8.0,19.0,28.7,4.0,1.0,34.0,,3.0,INDONESIA,,60.0,SOUTH OF JAVA,-9.254,107.411,20.9,202.0,8.1,,,802.0,,498.0,55.0,right_only,378,5723.0,2006-07-17
,,,,6.9,,,2006.0,9.0,28.0,,2006-09-28,6.0,22.0,9.7,4.0,1.0,28.0,,0.0,SAMOA,,81.0,SAMOA ISLANDS,-16.592,-172.033,0.08,1.0,,,,,,,,right_only,379,295.0,2006-09-28
,,,,6.7,,,2006.0,10.0,15.0,,2006-10-15,17.0,7.0,49.2,4.0,1.0,39.0,,0.0,USA,HI,80.0,HAWAII,19.878,-155.935,0.1,1.0,,,,,,,,right_only,380,21.0,2006-10-15
,,,,8.3,,,2006.0,11.0,15.0,,2006-11-15,11.0,14.0,13.5,4.0,1.0,10.0,,3.0,RUSSIA,,86.0,S. KURIL ISLANDS,46.592,153.266,21.9,258.0,,,,,,1.0,,right_only,381,16287.0,2006-11-15
,,,,7.0,,,2006.0,12.0,26.0,,2006-12-26,12.0,26.0,21.4,4.0,1.0,10.0,,0.0,CHINA,,84.0,TAIWAN,21.799,120.54700000000001,0.07,4.0,,,,,,,,right_only,382,1495.0,2006-12-26
,,,,8.1,,,2007.0,1.0,13.0,,2007-01-13,4.0,23.0,21.1,4.0,1.0,10.0,,1.0,RUSSIA,,86.0,S. KURIL ISLANDS,46.243,154.524,0.4,38.0,,,,,,,,right_only,383,15977.0,2007-01-13
,,,,7.1,,,2007.0,3.0,25.0,,2007-03-25,0.0,40.0,1.6,4.0,1.0,34.0,,0.0,VANUATU,,82.0,VANUATU ISLANDS,-20.616999999999997,169.357,0.08,2.0,,,,,,,,right_only,384,1601.0,2007-03-25
,,,,6.7,,,2007.0,3.0,25.0,,2007-03-25,0.0,41.0,57.8,4.0,1.0,8.0,,0.0,JAPAN,,85.0,HONSHU: W COAST,37.336,136.588,0.1,2.0,,,,,,,,right_only,385,86.0,2007-03-25
,,,,8.1,,,2007.0,4.0,1.0,,2007-04-01,20.0,39.0,56.3,4.0,1.0,10.0,,0.0,SOLOMON ISLANDS,,82.0,SOLOMON ISLANDS,-8.46,157.04399999999998,12.1,247.0,,,,50.0,,,,right_only,386,10127.0,2007-04-01
2007-07-16T01:13:22.370Z,37.535,138.446,12.0,6.6,"near the west coast of Honshu, Japan",earthquake,2007.0,7.0,16.0,2007-07-16,2007-07-16,1.0,13.0,22.0,4.0,1.0,10.0,,0.0,JAPAN,,85.0,HONSHU: W COAST,37.57,138.47799999999998,,1.0,,,,,,,,both,388,48.0,2007-07-16
,,,,6.2,,,2007.0,8.0,2.0,,2007-08-02,2.0,37.0,42.3,4.0,1.0,5.0,,0.0,RUSSIA,,86.0,TATAR STRAIT,47.11600000000001,141.798,3.2,18.0,,,,,,,,right_only,389,438.0,2007-08-02
,,,,6.7,,,2007.0,8.0,2.0,,2007-08-02,3.0,21.0,42.8,4.0,1.0,21.0,,0.0,USA,AK,87.0,"ALEUTIAN ISLANDS, AK",51.306999999999995,-179.97099999999998,0.03,1.0,,,,,,,,right_only,390,51.0,2007-08-02
,,,,8.0,,,2007.0,8.0,15.0,,2007-08-15,23.0,40.0,57.8,4.0,1.0,39.0,,0.0,PERU,,89.0,S. PERU,-13.386,-76.60300000000001,10.05,135.0,,,,3.0,,,,right_only,391,17523.0,2007-08-15
,,,,7.2,,,2007.0,9.0,2.0,,2007-09-02,1.0,5.0,18.1,4.0,1.0,35.0,,0.0,SOLOMON ISLANDS,,82.0,SANTA CRUZ ISLANDS,-11.61,165.762,0.05,2.0,,,,,,,,right_only,392,736.0,2007-09-02
,,,,8.4,,,2007.0,9.0,12.0,,2007-09-12,11.0,10.0,26.8,4.0,1.0,34.0,,0.0,INDONESIA,,60.0,SUMATRA,-4.438,101.367,5.0,52.0,,,,,,,,right_only,393,8420.0,2007-09-12
2007-09-30T05:23:34.070Z,-49.271,164.115,10.0,7.4,"Auckland Islands, New Zealand region",earthquake,2007.0,9.0,30.0,2007-09-30,2007-09-30,5.0,23.0,34.0,4.0,1.0,10.0,,0.0,NEW ZEALAND,,81.0,AUCKLAND ISLANDS,-49.418,163.954,0.25,6.0,,,,,,,,both,394,1975.0,2007-09-30
,,,,7.7,,,2007.0,11.0,14.0,,2007-11-14,15.0,40.0,50.5,4.0,1.0,40.0,,0.0,CHILE,,89.0,NORTHERN CHILE,-22.247,-69.89,0.28,6.0,,,,,,,,right_only,395,1787.0,2007-11-14
,,,,7.8,,,2007.0,12.0,9.0,,2007-12-09,7.0,28.0,20.8,4.0,1.0,153.0,,0.0,KERMADEC ISLANDS,,81.0,KERMADEC ISLANDS,-25.996,-177.514,0.03,1.0,,,,,,,,right_only,396,969.0,2007-12-09
,,,,6.5,,,2008.0,2.0,25.0,,2008-02-25,8.0,36.0,33.0,4.0,1.0,25.0,,0.0,INDONESIA,,60.0,SUMATRA,-2.4859999999999998,99.97200000000001,0.12,1.0,,,,,,,,right_only,397,171.0,2008-02-25
,,,,7.3,,,2008.0,4.0,9.0,,2008-04-09,12.0,46.0,12.7,4.0,1.0,35.0,,0.0,NEW CALEDONIA,,82.0,LOYALTY ISLANDS,-20.070999999999998,168.892,0.16,1.0,,,,,,,,right_only,398,265.0,2008-04-09
,,,,6.9,,,2008.0,7.0,19.0,,2008-07-19,2.0,39.0,28.7,4.0,1.0,22.0,,0.0,JAPAN,,85.0,OFF EAST COAST OF HONSHU ISLAND,37.552,142.214,0.2,3.0,,,,,,,,right_only,399,135.0,2008-07-19
,,,,6.8,,,2008.0,9.0,11.0,,2008-09-11,0.0,20.0,50.9,4.0,1.0,25.0,,0.0,JAPAN,,85.0,HOKKAIDO ISLAND,41.891999999999996,143.754,0.09,1.0,,,,,,,,right_only,400,87.0,2008-09-11
,,,,7.3,,,2008.0,11.0,16.0,,2008-11-16,17.0,2.0,32.7,4.0,1.0,30.0,,0.0,INDONESIA,,83.0,SULAWESI,1.271,122.09100000000001,0.13,3.0,,,,,,,,right_only,401,756.0,2008-11-16
,,,,7.6,,,2009.0,1.0,3.0,,2009-01-03,19.0,43.0,50.6,4.0,1.0,17.0,,0.0,INDONESIA,,83.0,NEAR NORTH COAST,-0.414,132.885,0.39,24.0,,,,,,,,right_only,402,11518.0,2009-01-03
2009-01-15T17:49:39.070Z,46.857,155.154,36.0,7.4,east of the Kuril Islands,earthquake,2009.0,1.0,15.0,2009-01-15,2009-01-15,17.0,49.0,39.0,4.0,1.0,36.0,,0.0,RUSSIA,,86.0,KAMCHATKA,46.857,155.154,0.11,11.0,,,,,,,,both,403,6373.0,2009-01-15
,,,,7.2,,,2009.0,2.0,11.0,,2009-02-11,17.0,34.0,50.8,4.0,1.0,22.0,,0.0,INDONESIA,,83.0,CELEBES SEA,3.884,126.397,0.13,1.0,,,,,,,,right_only,404,366.0,2009-02-11
,,,,7.6,,,2009.0,3.0,19.0,,2009-03-19,18.0,17.0,40.9,4.0,1.0,34.0,,0.0,TONGA,,81.0,TONGA,-23.046,-174.65900000000002,0.15,27.0,,,,,,,,right_only,405,10527.0,2009-03-19
,,,,7.3,,,2009.0,5.0,28.0,,2009-05-28,8.0,24.0,45.0,4.0,1.0,10.0,,0.0,HONDURAS,,74.0,OFF COAST OF HONDURAS,16.72,-86.236,4.0,2.0,,,,,,,,right_only,406,240.0,2009-05-28
,,,,6.4,,,2009.0,7.0,1.0,,2009-07-01,9.0,30.0,10.4,4.0,1.0,19.0,,0.0,GREECE,,50.0,CRETE,34.164,25.471,0.3,3.0,,,,,,,,right_only,407,94.0,2009-07-01
2009-07-15T09:22:29.030Z,-45.762,166.562,12.0,7.8,off the west coast of the South Island of New Zealand,earthquake,2009.0,7.0,15.0,2009-07-15,2009-07-15,9.0,22.0,29.0,4.0,1.0,12.0,,1.0,NEW ZEALAND,,81.0,OFF WEST COAST OF SOUTH ISLAND,-45.762,166.562,0.47,9.0,,,,,,,,both,408,8249.0,2009-07-15
,,,,7.5,,,2009.0,8.0,10.0,,2009-08-10,19.0,55.0,35.6,3.0,1.0,5.0,,0.0,INDIA,,60.0,ANDAMAN ISLANDS,14.099,92.88799999999999,0.01,1.0,,,,,,,,right_only,409,747.0,2009-08-10
,,,,6.4,,,2009.0,8.0,10.0,,2009-08-10,20.0,7.0,9.1,4.0,1.0,40.0,,0.0,JAPAN,,85.0,HONSHU: S COAST,34.743,138.264,0.6,5.0,,,,,,,,right_only,410,203.0,2009-08-10
,,,,6.7,,,2009.0,8.0,16.0,,2009-08-16,7.0,38.0,21.7,4.0,1.0,20.0,,0.0,INDONESIA,,60.0,SUMATRA,-1.479,99.49,0.18,1.0,,,,,,,,right_only,411,112.0,2009-08-16
2009-09-02T07:55:01.050Z,-7.782,107.29700000000001,46.0,7.0,"Java, Indonesia",earthquake,2009.0,9.0,2.0,2009-09-02,2009-09-02,7.0,55.0,1.0,4.0,1.0,46.0,,0.0,INDONESIA,,60.0,JAVA SEA,-7.782,107.29700000000001,0.4,2.0,,,,,,,,both,412,122.0,2009-09-02
,,,,8.1,,,2009.0,9.0,29.0,,2009-09-29,17.0,48.0,10.9,4.0,1.0,18.0,,6.0,SAMOA,,81.0,SAMOA ISLANDS,-15.489,-172.095,22.35,624.0,,,,192.0,,7.0,285.0,right_only,413,10661.0,2009-09-29
,,,,7.5,,,2009.0,9.0,30.0,,2009-09-30,10.0,16.0,9.2,4.0,1.0,81.0,,0.0,INDONESIA,,60.0,SUMATRA,-0.72,99.867,0.27,1.0,,,,,,,,right_only,414,65.0,2009-09-30
,,,,7.6,,,2009.0,10.0,7.0,,2009-10-07,22.0,3.0,14.4,4.0,1.0,45.0,,0.0,VANUATU,,82.0,VANUATU ISLANDS,-13.005999999999998,166.51,0.29,37.0,,,,,,,,right_only,415,12805.0,2009-10-07
,,,,6.6,,,2010.0,1.0,3.0,,2010-01-03,21.0,48.0,5.3,4.0,1.0,26.0,,0.0,SOLOMON ISLANDS,,82.0,SOLOMON ISLANDS,-8.743,157.477,0.01,1.0,,,,,,,,right_only,416,283.0,2010-01-03
,,,,7.1,,,2010.0,1.0,3.0,,2010-01-03,22.0,36.0,27.9,4.0,1.0,25.0,,0.0,SOLOMON ISLANDS,,82.0,SOLOMON ISLANDS,-8.799,157.346,7.52,51.0,,,,,,,,right_only,417,1744.0,2010-01-03
,,,,6.8,,,2010.0,1.0,5.0,,2010-01-05,12.0,15.0,32.2,4.0,1.0,15.0,,0.0,SOLOMON ISLANDS,,82.0,SOLOMON ISLANDS,-9.019,157.55100000000002,0.03,1.0,,,,,,,,right_only,418,268.0,2010-01-05
2010-01-12T21:53:10.060Z,18.442999999999998,-72.571,13.0,7.0,Haiti region,earthquake,2010.0,1.0,12.0,2010-01-12,2010-01-12,21.0,53.0,10.0,4.0,3.0,13.0,,0.0,HAITI,,74.0,HAITI & DOMINICAN REPUBLIC,18.457,-72.533,3.21,25.0,,,,7.0,,,,both,419,832.0,2010-01-12
,,,,7.0,,,2010.0,2.0,26.0,,2010-02-26,20.0,31.0,26.9,3.0,1.0,25.0,,0.0,JAPAN,,85.0,RYUKYU ISLANDS,25.93,128.425,0.1,2.0,,,,,,,,right_only,420,281.0,2010-02-26
,,,,8.8,,,2010.0,2.0,27.0,,2010-02-27,6.0,34.0,11.5,4.0,1.0,23.0,,4.0,CHILE,,89.0,CENTRAL CHILE,-36.122,-72.898,29.0,650.0,,,,156.0,,12000.0,30000.0,right_only,421,18331.0,2010-02-27
,,,,6.9,,,2010.0,3.0,11.0,,2010-03-11,14.0,39.0,43.9,4.0,1.0,11.0,,0.0,CHILE,,89.0,CENTRAL CHILE,-34.29,-71.891,0.14,2.0,,,,,,,,right_only,422,142.0,2010-03-11
,,,,7.8,,,2010.0,4.0,6.0,,2010-04-06,22.0,15.0,1.5,4.0,1.0,31.0,,0.0,INDONESIA,,60.0,SUMATRA,2.383,97.04799999999999,0.44,6.0,,,,,,,,right_only,423,1188.0,2010-04-06
,,,,7.5,,,2010.0,6.0,12.0,,2010-06-12,19.0,26.0,50.4,4.0,1.0,35.0,,0.0,INDIA,,60.0,LITTLE NICOBAR ISLAND,7.881,91.936,0.03,1.0,,,,,,,,right_only,424,1181.0,2010-06-12
,,,,7.2,,,2010.0,8.0,10.0,,2010-08-10,5.0,23.0,44.9,4.0,1.0,25.0,,0.0,VANUATU,,82.0,VANUATU ISLANDS,-17.541,168.06900000000002,0.23,1.0,,,,,,,,right_only,425,35.0,2010-08-10
,,,,6.9,,,2010.0,8.0,13.0,,2010-08-13,21.0,19.0,33.0,4.0,1.0,10.0,,0.0,USA TERRITORY,GU,81.0,"GUAM, MARIANA ISLANDS",12.484000000000002,141.476,0.07,1.0,,,,,,,,right_only,426,552.0,2010-08-13
2010-10-25T14:42:22.460Z,-3.487,100.08200000000001,20.1,7.8,"Kepulauan Mentawai region, Indonesia",earthquake,2010.0,10.0,25.0,2010-10-25,2010-10-25,14.0,42.0,22.0,4.0,1.0,20.0,,0.0,INDONESIA,,60.0,SUMATRA,-3.487,100.08200000000001,16.9,358.0,,,,431.0,,,39.0,both,427,5226.0,2010-10-25
,,,,7.4,,,2010.0,12.0,21.0,,2010-12-21,17.0,19.0,40.6,4.0,1.0,14.0,,0.0,JAPAN,,85.0,BONIN ISLANDS,26.901,143.69799999999998,0.13,4.0,,,,,,,,right_only,428,1829.0,2010-12-21
2010-12-25T13:16:37.000Z,-19.702,167.947,16.0,7.3,Vanuatu region,earthquake,2010.0,12.0,25.0,2010-12-25,2010-12-25,13.0,16.0,37.0,4.0,1.0,16.0,,0.0,VANUATU,,82.0,VANUATU ISLANDS,-19.702,167.947,4.1,12.0,,,,,,4.0,,both,429,3159.0,2010-12-25
,,,,6.5,,,2011.0,1.0,9.0,,2011-01-09,10.0,3.0,44.2,4.0,1.0,24.0,,0.0,VANUATU,,82.0,VANUATU ISLANDS,-19.157,168.31099999999998,0.03,1.0,,,,,,,,right_only,430,156.0,2011-01-09
,,,,6.8,,,2011.0,2.0,11.0,,2011-02-11,20.0,5.0,30.7,4.0,1.0,28.0,,0.0,CHILE,,89.0,CENTRAL CHILE,-36.474000000000004,-73.125,0.15,1.0,,,,,,,,right_only,431,25.0,2011-02-11
,,,,6.1,,,2011.0,2.0,21.0,,2011-02-21,23.0,51.0,42.3,2.0,3.0,6.0,,0.0,NEW ZEALAND,,81.0,SOUTH ISLAND,-43.583,172.68,3.5,1.0,,,,,,,,right_only,432,201.0,2011-02-21
,,,,7.5,,,2011.0,3.0,9.0,,2011-03-09,2.0,45.0,20.3,4.0,1.0,32.0,,0.0,JAPAN,,85.0,HONSHU ISLAND,38.435,142.842,0.6,11.0,,,,,,,,right_only,433,354.0,2011-03-09
,,,,9.1,,,2011.0,3.0,11.0,,2011-03-11,5.0,46.0,24.1,4.0,1.0,30.0,,7.0,JAPAN,,85.0,HONSHU ISLAND,38.297,142.372,39.26,6279.0,,,,18431.0,,6157.0,220085.456,right_only,434,18266.0,2011-03-11
,,,,7.1,,,2011.0,4.0,7.0,,2011-04-07,14.0,32.0,43.2,4.0,1.0,42.0,,0.0,JAPAN,,85.0,E. COAST HONSHU ISLAND,38.275999999999996,141.588,0.08,1.0,,,,,,,,right_only,435,84.0,2011-04-07
,,,,6.8,,,2011.0,5.0,10.0,,2011-05-10,8.0,55.0,9.0,4.0,1.0,11.0,,0.0,NEW CALEDONIA,,82.0,LOYALTY ISLANDS,-20.244,168.226,0.03,1.0,,,,,,,,right_only,436,251.0,2011-05-10
,,,,7.3,,,2011.0,6.0,24.0,,2011-06-24,3.0,9.0,39.4,4.0,1.0,52.0,,0.0,USA,AK,87.0,"ATKA, ALEUTIAN ISLANDS, AK",52.05,-171.83599999999998,0.1,7.0,,,,,,,,right_only,437,3879.0,2011-06-24
,,,,7.6,,,2011.0,7.0,6.0,,2011-07-06,19.0,3.0,18.2,4.0,1.0,17.0,,0.0,NEW ZEALAND,,81.0,KERMADEC ISLANDS,-29.539,-176.34,1.2,24.0,,,,,,,,right_only,438,10306.0,2011-07-06
,,,,7.0,,,2011.0,7.0,10.0,,2011-07-10,0.0,57.0,10.8,4.0,1.0,23.0,,0.0,JAPAN,,85.0,OFF EAST COAST OF HONSHU ISLAND,38.034,143.264,0.09,1.0,,,,,,,,right_only,439,171.0,2011-07-10
,,,,7.1,,,2011.0,8.0,20.0,,2011-08-20,16.0,55.0,2.5,4.0,1.0,32.0,,0.0,VANUATU,,82.0,VANUATU ISLANDS,-18.365,168.143,0.19,4.0,,,,,,,,right_only,440,430.0,2011-08-20
,,,,7.0,,,2011.0,8.0,20.0,,2011-08-20,18.0,19.0,23.5,4.0,1.0,28.0,,0.0,VANUATU,,82.0,VANUATU ISLANDS,-18.311,168.218,0.15,1.0,,,,,,,,right_only,441,63.0,2011-08-20
,,,,6.8,,,2011.0,9.0,2.0,,2011-09-02,10.0,55.0,53.5,4.0,1.0,32.0,,0.0,USA,AK,87.0,"FOX ISLANDS, ALEUTIAN ISLANDS, AK",52.17100000000001,-171.708,0.06,1.0,,,,,,,,right_only,442,168.0,2011-09-02
,,,,7.4,,,2011.0,10.0,21.0,,2011-10-21,17.0,57.0,16.1,4.0,1.0,33.0,,0.0,NEW ZEALAND,,81.0,KERMADEC ISLANDS,-28.993000000000002,-176.238,0.14,3.0,,,,,,,,right_only,443,1881.0,2011-10-21
,,,,7.0,,,2012.0,2.0,2.0,,2012-02-02,13.0,34.0,40.6,4.0,1.0,23.0,,0.0,VANUATU,,82.0,VANUATU ISLANDS,-17.827,167.13299999999998,0.08,1.0,,,,,,,,right_only,444,125.0,2012-02-02
,,,,6.7,,,2012.0,3.0,9.0,,2012-03-09,7.0,9.0,50.9,4.0,1.0,16.0,,0.0,VANUATU,,82.0,OFF EAST COAST OF VANUATU,-19.125,169.613,0.05,2.0,,,,,,,,right_only,445,441.0,2012-03-09
,,,,6.9,,,2012.0,3.0,14.0,,2012-03-14,9.0,8.0,35.1,4.0,1.0,12.0,,0.0,JAPAN,,85.0,HOKKAIDO ISLAND,40.887,144.944,0.2,2.0,,,,,,,,right_only,446,290.0,2012-03-14
,,,,7.4,,,2012.0,3.0,20.0,,2012-03-20,18.0,2.0,47.4,4.0,1.0,20.0,,0.0,MEXICO,,88.0,S. MEXICO,16.493,-98.23100000000001,0.2,2.0,,,,,,,,right_only,447,449.0,2012-03-20
,,,,8.6,,,2012.0,4.0,11.0,,2012-04-11,8.0,38.0,36.7,4.0,1.0,20.0,,0.0,INDONESIA,,60.0,OFF W. COAST OF N SUMATRA,2.327,93.06299999999999,,20.0,,,,,,,,right_only,448,4859.0,2012-04-11
,,,,8.2,,,2012.0,4.0,11.0,,2012-04-11,10.0,43.0,10.8,4.0,1.0,25.0,,0.0,INDONESIA,,60.0,OFF W. COAST OF N SUMATRA,0.802,92.463,,4.0,,,,,,,,right_only,449,2241.0,2012-04-11
,,,,6.3,,,2012.0,4.0,14.0,,2012-04-14,22.0,5.0,26.4,4.0,1.0,11.0,,0.0,VANUATU,,82.0,VANUATU ISLANDS,-18.972,168.74099999999999,,1.0,,,,,,,,right_only,450,265.0,2012-04-14
,,,,7.3,,,2012.0,8.0,27.0,,2012-08-27,4.0,37.0,19.4,4.0,1.0,28.0,,0.0,EL SALVADOR,,88.0,EL SALVADOR-NICARAGUA,12.139000000000001,-88.59,6.3,38.0,,,,,,40.0,,right_only,451,11113.0,2012-08-27
,,,,7.6,,,2012.0,8.0,31.0,,2012-08-31,12.0,47.0,33.3,4.0,1.0,28.0,,0.0,PHILIPPINES,,84.0,PHILIPPINE ISLANDS,10.811,126.63799999999999,0.15,17.0,,,,,,,,right_only,452,6124.0,2012-08-31
,,,,7.6,,,2012.0,9.0,5.0,,2012-09-05,14.0,42.0,7.8,4.0,1.0,35.0,,0.0,COSTA RICA,,88.0,COSTA RICA,10.085,-85.315,0.16,3.0,,,,,,,,right_only,453,1326.0,2012-09-05
,,,,7.7,,,2012.0,10.0,28.0,,2012-10-28,3.0,4.0,8.8,4.0,1.0,14.0,,0.0,CANADA,BC,88.0,BRITISH COLUMBIA,52.788000000000004,-132.101,12.98,176.0,,,,1.0,,,,right_only,454,13508.0,2012-10-28
,,,,7.3,,,2012.0,11.0,7.0,,2012-11-07,16.0,35.0,46.9,4.0,1.0,24.0,,0.0,GUATEMALA,,88.0,GUATEMALA,13.988,-91.895,0.35,6.0,,,,,,,,right_only,455,6854.0,2012-11-07
,,,,7.2,,,2012.0,12.0,7.0,,2012-12-07,8.0,18.0,23.1,4.0,1.0,31.0,,0.0,JAPAN,,85.0,OFF EAST COAST OF HONSHU ISLAND,37.89,143.94899999999998,1.0,3.0,,,,,,,,right_only,456,242.0,2012-12-07
,,,,7.5,,,2013.0,1.0,5.0,,2013-01-05,8.0,58.0,19.3,4.0,1.0,10.0,,0.0,USA,AK,87.0,"SE. ALASKA, AK",55.393,-134.65200000000002,1.5,8.0,,,,,,,,right_only,457,329.0,2013-01-05
,,,,7.9,,,2013.0,2.0,6.0,,2013-02-06,1.0,12.0,25.8,4.0,1.0,24.0,,0.0,SOLOMON ISLANDS,,82.0,SANTA CRUZ ISLANDS,-10.765999999999998,165.114,11.0,124.0,,,,10.0,,15.0,,right_only,458,13124.0,2013-02-06
,,,,7.0,,,2013.0,2.0,8.0,,2013-02-08,15.0,26.0,38.4,4.0,1.0,21.0,,0.0,SOLOMON ISLANDS,,82.0,SANTA CRUZ ISLANDS,-10.927999999999999,166.018,0.09,1.0,,,,,,,,right_only,459,33.0,2013-02-08
,,,,7.2,,,2013.0,4.0,19.0,,2013-04-19,3.0,5.0,52.6,2.0,1.0,110.0,,0.0,RUSSIA,,86.0,S. KURIL ISLANDS,46.221000000000004,150.78799999999998,0.2,1.0,,,,,,,,right_only,460,407.0,2013-04-19
,,,,6.5,,,2013.0,7.0,21.0,,2013-07-21,5.0,9.0,31.4,4.0,1.0,17.0,,0.0,NEW ZEALAND,,81.0,COOK STRAIT,-41.70399999999999,174.33700000000002,0.07,2.0,,,,,,,,right_only,461,95.0,2013-07-21
,,,,6.5,,,2013.0,8.0,16.0,,2013-08-16,2.0,31.0,47.0,4.0,1.0,10.0,,0.0,NEW ZEALAND,,81.0,WELLINGTON,-41.731,174.02700000000002,0.08,2.0,,,,,,,,right_only,462,80.0,2013-08-16
,,,,7.1,,,2013.0,10.0,25.0,,2013-10-25,17.0,10.0,0.0,4.0,1.0,10.0,,0.0,JAPAN,,85.0,E. COAST HONSHU ISLAND,37.2,144.6,0.4,9.0,,,,,,,,right_only,463,1235.0,2013-10-25
,,,,7.7,,,2013.0,11.0,17.0,,2013-11-17,9.0,4.0,53.0,4.0,1.0,10.0,,0.0,ANTARCTICA,,71.0,SCOTIA SEA,-60.273999999999994,-46.401,0.15,2.0,,,,,,,,right_only,464,892.0,2013-11-17
,,,,6.7,,,2014.0,3.0,16.0,,2014-03-16,21.0,16.0,0.0,4.0,1.0,21.0,,0.0,CHILE,,89.0,NORTHERN CHILE,-19.965,-70.814,0.26,7.0,,,,,,,,right_only,465,1182.0,2014-03-16
,,,,8.2,,,2014.0,4.0,1.0,,2014-04-01,23.0,46.0,26.0,4.0,1.0,25.0,,0.0,CHILE,,89.0,NORTHERN CHILE,-19.61,-70.76899999999999,4.63,201.0,,,,,,,,right_only,466,18642.0,2014-04-01
,,,,7.7,,,2014.0,4.0,3.0,,2014-04-03,2.0,43.0,11.0,4.0,1.0,22.0,,0.0,CHILE,,89.0,NORTHERN CHILE,-20.570999999999998,-70.493,0.74,5.0,,,,,,,,right_only,467,1047.0,2014-04-03
,,,,7.6,,,2014.0,4.0,12.0,,2014-04-12,20.0,14.0,3.0,4.0,1.0,23.0,,0.0,SOLOMON ISLANDS,,82.0,SOLOMON ISLANDS,-11.27,162.148,0.05,8.0,,,,,,,,right_only,468,1286.0,2014-04-12
,,,,7.4,,,2014.0,4.0,13.0,,2014-04-13,12.0,36.0,23.0,4.0,1.0,39.0,,0.0,SOLOMON ISLANDS,,82.0,SOLOMON ISLANDS,-11.463,162.05100000000002,0.16,9.0,,,,,,,,right_only,469,1270.0,2014-04-13
,,,,7.2,,,2014.0,4.0,18.0,,2014-04-18,14.0,28.0,32.0,4.0,1.0,24.0,,0.0,MEXICO,,88.0,S. MEXICO,17.397000000000002,-100.97200000000001,0.43,2.0,,,,,,,,right_only,470,141.0,2014-04-18
,,,,7.5,,,2014.0,4.0,19.0,,2014-04-19,13.0,29.0,21.0,4.0,1.0,43.0,,0.0,PAPUA NEW GUINEA,,82.0,SOLOMON SEA,-6.755,155.024,0.11,1.0,,,,,,,,right_only,471,153.0,2014-04-19
,,,,6.9,,,2014.0,6.0,23.0,,2014-06-23,19.0,20.0,34.0,4.0,1.0,20.0,,0.0,NEW ZEALAND,,81.0,"S OF RAOUL ISLAND, KERMADEC ISLANDS",-29.976999999999997,-177.725,0.13,5.0,,,,,,,,right_only,472,2738.0,2014-06-23
,,,,7.9,,,2014.0,6.0,23.0,,2014-06-23,20.0,53.0,7.0,4.0,1.0,109.0,,0.0,USA,AK,87.0,"ALEUTIAN ISLANDS, AK",51.849,178.735,0.17,20.0,,,,,,,,right_only,473,4054.0,2014-06-23
,,,,6.5,,,2014.0,7.0,11.0,,2014-07-11,19.0,23.0,22.0,4.0,1.0,20.0,,0.0,JAPAN,,85.0,SANRIKU,37.005,142.453,0.2,6.0,,,,,,,,right_only,474,360.0,2014-07-11
,,,,6.1,,,2014.0,7.0,25.0,,2014-07-25,10.0,55.0,12.0,4.0,1.0,10.0,,0.0,USA,AK,87.0,"PALMA BAY, AK",58.306000000000004,-136.96,0.08,1.0,,,,,,,,right_only,475,37.0,2014-07-25
,,,,7.0,,,2014.0,10.0,9.0,,2014-10-09,2.0,14.0,44.0,4.0,1.0,16.0,,0.0,CHILE,,89.0,EASTER ISLAND REGION,-32.108000000000004,-110.811,0.47,5.0,,,,,,,,right_only,476,3817.0,2014-10-09
,,,,7.3,,,2014.0,10.0,14.0,,2014-10-14,3.0,51.0,46.0,4.0,1.0,40.0,,0.0,EL SALVADOR,,88.0,GULF OF FONSECA,12.526,-88.12299999999999,0.02,2.0,,,,,,,,right_only,477,890.0,2014-10-14
,,,,7.1,,,2014.0,11.0,15.0,,2014-11-15,2.0,32.0,12.0,3.0,1.0,45.0,,0.0,INDONESIA,,83.0,N. MOLUCCAS ISLANDS,1.893,126.522,0.09,3.0,,,,,,,,right_only,478,193.0,2014-11-15
,,,,6.7,,,2015.0,2.0,16.0,,2015-02-16,23.0,6.0,27.0,4.0,1.0,23.0,,0.0,JAPAN,,85.0,HONSHU,39.856,142.881,0.27,3.0,,,,,,,,right_only,479,173.0,2015-02-16
2015-02-19T13:18:32.810Z,-16.4311,168.1483,10.0,6.4,"85km ESE of Lakatoro, Vanuatu",earthquake,2015.0,2.0,19.0,2015-02-19,2015-02-19,13.0,18.0,32.0,4.0,1.0,10.0,,0.0,VANUATU,,82.0,VANUATU ISLANDS,-16.430999999999997,168.148,8.0,6.0,,,,,,,,both,480,9.0,2015-02-19
,,,,7.5,,,2015.0,3.0,29.0,,2015-03-29,23.0,48.0,1.0,4.0,1.0,41.0,,0.0,PAPUA NEW GUINEA,,82.0,BISMARCK SEA,-4.729,152.562,0.5,2.0,,,,,,,,right_only,481,478.0,2015-03-29
,,,,5.7,,,2015.0,5.0,2.0,,2015-05-02,16.0,51.0,39.0,3.0,1.0,10.0,,0.0,JAPAN,,85.0,S. OF HONSHU ISLAND,31.529,140.213,0.6,3.0,,,,,,,,right_only,482,316.0,2015-05-02
,,,,7.5,,,2015.0,5.0,5.0,,2015-05-05,1.0,44.0,38.0,3.0,1.0,55.0,,0.0,PAPUA NEW GUINEA,,82.0,NEW BRITAIN,-5.462000000000001,151.875,1.0,1.0,,,,,,,,right_only,483,142.0,2015-05-05
,,,,6.7,,,2015.0,7.0,10.0,,2015-07-10,4.0,12.0,54.0,4.0,1.0,12.0,,0.0,SOLOMON ISLANDS,,82.0,SOLOMON ISLANDS,-9.307,158.403,0.01,1.0,,,,,,,,right_only,484,171.0,2015-07-10
,,,,7.0,,,2015.0,7.0,18.0,,2015-07-18,2.0,28.0,22.0,4.0,1.0,11.0,,0.0,SOLOMON ISLANDS,,82.0,SANTA CRUZ ISLANDS,-10.401,165.141,0.09,5.0,,,,,,,,right_only,485,1346.0,2015-07-18
,,,,6.9,,,2015.0,7.0,27.0,,2015-07-27,4.0,49.0,0.0,4.0,1.0,23.0,,0.0,USA,AK,87.0,"FOX ISLANDS, ALEUTIAN ISLANDS, AK",52.214,-169.399,0.08,2.0,,,,,,,,right_only,486,325.0,2015-07-27
,,,,8.3,,,2015.0,9.0,16.0,,2015-09-16,22.0,55.0,26.0,4.0,1.0,22.0,,1.0,CHILE,,89.0,CENTRAL CHILE,-31.573,-71.67399999999999,13.6,438.0,,8.4,,8.0,,,,right_only,487,18271.0,2015-09-16
,,,,6.9,,,2015.0,11.0,11.0,,2015-11-11,1.0,54.0,0.0,4.0,1.0,33.0,,0.0,CHILE,,89.0,CENTRAL CHILE,-29.46,-72.12,0.55,2.0,,,,,,,,right_only,488,141.0,2015-11-11
,,,,6.7,,,2015.0,11.0,13.0,,2015-11-13,20.0,51.0,3.0,4.0,1.0,12.0,,0.0,JAPAN,,85.0,JAPAN,31.000999999999998,128.873,0.3,1.0,,,,,,,,right_only,489,159.0,2015-11-13
,,,,6.5,,,2015.0,11.0,17.0,,2015-11-17,7.0,10.0,3.0,4.0,3.0,11.0,,0.0,GREECE,,50.0,IONIAN SEA,38.67,20.6,0.15,1.0,,,,,,,,right_only,490,303.0,2015-11-17
,,,,6.8,,,2015.0,11.0,18.0,,2015-11-18,18.0,31.0,57.0,4.0,1.0,13.0,,0.0,SOLOMON ISLANDS,,82.0,SOLOMON ISLANDS,-8.899,158.422,0.1,1.0,,,,,,,,right_only,491,1702.0,2015-11-18
,,,,7.8,,,2016.0,3.0,2.0,,2016-03-02,12.0,49.0,11.0,4.0,1.0,24.0,,0.0,INDONESIA,,60.0,SW. SUMATRA,-4.952,94.33,0.21,13.0,,,,,,,,right_only,492,3726.0,2016-03-02
,,,,7.8,,,2016.0,4.0,16.0,,2016-04-16,23.0,58.0,0.0,4.0,1.0,17.0,,0.0,ECUADOR,,89.0,OFF COAST,0.35,-80.16,0.5,7.0,,,,,,,,right_only,493,1136.0,2016-04-16
,,,,7.0,,,2016.0,4.0,28.0,,2016-04-28,19.0,33.0,7.0,3.0,1.0,24.0,,0.0,VANUATU,,82.0,VANUATU ISLANDS,-16.043,167.37900000000002,0.02,2.0,,,,,,,,right_only,494,578.0,2016-04-28
,,,,7.2,,,2016.0,8.0,12.0,,2016-08-12,1.0,26.0,28.0,4.0,1.0,16.0,,0.0,NEW CALEDONIA,,82.0,LOYALTY ISLANDS,-22.476999999999997,173.11700000000002,0.19,1.0,,,,,,,,right_only,495,517.0,2016-08-12
,,,,7.4,,,2016.0,8.0,19.0,,2016-08-19,7.0,33.0,11.0,3.0,1.0,10.0,,0.0,UK TERRITORY,,71.0,SOUTHERN ATLANTIC OCEAN,-55.285,-31.877,0.1,1.0,,,,,,,,right_only,496,317.0,2016-08-19
,,,,7.0,,,2016.0,9.0,1.0,,2016-09-01,16.0,37.0,3.0,4.0,1.0,19.0,,0.0,NEW ZEALAND,,81.0,GISBORNE,-37.359,179.146,0.21,4.0,,,,,,,,right_only,497,351.0,2016-09-01
,,,,7.8,,,2016.0,11.0,13.0,,2016-11-13,11.0,2.0,34.0,4.0,1.0,15.0,,1.0,NEW ZEALAND,,81.0,OFF EAST COAST OF SOUTH ISLAND,-42.736999999999995,173.054,6.9,17.0,,,,,,,,right_only,498,866.0,2016-11-13
,,,,6.9,,,2016.0,11.0,21.0,,2016-11-21,20.0,59.0,27.0,4.0,1.0,9.0,,0.0,JAPAN,,85.0,E. COAST HONSHU ISLAND,37.393,141.387,1.44,9.0,,,,,,,,right_only,499,3956.0,2016-11-21
,,,,6.9,,,2016.0,11.0,24.0,,2016-11-24,18.0,43.0,0.0,4.0,1.0,33.0,,0.0,NICARAGUA,,88.0,NICARAGUA,11.96,-88.835,0.08,3.0,,,,,,,,right_only,500,806.0,2016-11-24
,,,,7.8,,,2016.0,12.0,8.0,,2016-12-08,17.0,38.0,28.0,4.0,1.0,40.0,,0.0,SOLOMON ISLANDS,,82.0,SOLOMON ISLANDS,-10.681,161.327,0.43,11.0,,,,,,,,right_only,501,1390.0,2016-12-08
,,,,6.9,,,2016.0,12.0,9.0,,2016-12-09,19.0,11.0,24.0,4.0,1.0,20.0,,0.0,SOLOMON ISLANDS,,82.0,SOLOMON ISLANDS,-10.749,161.132,0.05,5.0,,,,,,,,right_only,502,1308.0,2016-12-09
,,,,7.9,,,2016.0,12.0,17.0,,2016-12-17,10.0,51.0,5.0,4.0,1.0,95.0,,0.0,PAPUA NEW GUINEA,,82.0,SOLOMON SEA,-4.505,153.52200000000002,0.08,5.0,,,,,,,,right_only,503,2406.0,2016-12-17
,,,,7.6,,,2016.0,12.0,25.0,,2016-12-25,14.0,22.0,0.0,4.0,1.0,30.0,,0.0,CHILE,,89.0,SOUTHERN CHILE,-43.516999999999996,-74.391,0.44,4.0,,,,,,,,right_only,504,331.0,2016-12-25
,,,,6.9,,,2017.0,1.0,3.0,,2017-01-03,21.0,53.0,7.0,4.0,1.0,12.0,,0.0,FIJI,,81.0,FIJI ISLANDS,-19.373,176.05200000000002,0.01,1.0,,,,,,,,right_only,505,285.0,2017-01-03
,,,,7.9,,,2017.0,1.0,22.0,,2017-01-22,4.0,31.0,36.0,4.0,1.0,135.0,,0.0,PAPUA NEW GUINEA,,82.0,BOUGAINVILLE ISLAND,-6.246,155.172,0.04,1.0,,,,,,,,right_only,506,145.0,2017-01-22
,,,,6.9,,,2017.0,4.0,24.0,,2017-04-24,21.0,39.0,22.0,4.0,1.0,28.0,,0.0,CHILE,,89.0,CENTRAL CHILE,-33.038000000000004,-72.062,0.16,4.0,,,,,,,,right_only,507,112.0,2017-04-24
,,,,6.9,,,2017.0,4.0,28.0,,2017-04-28,20.0,23.0,26.0,4.0,1.0,26.0,,0.0,PHILIPPINES,,84.0,"SOCCSKSARGEN, PHILIPPINES",5.504,125.066,0.2,1.0,,,,,,2.0,,right_only,508,,2017-04-28
,,,,6.2,,,2017.0,5.0,1.0,,2017-05-01,12.0,31.0,3.0,4.0,1.0,1.0,,0.0,USA,AK,87.0,"SKAGWAY, AK",59.852,-136.67700000000002,0.06,1.0,,,,,,,,right_only,509,185.0,2017-05-01
,,,,6.3,,,2017.0,6.0,12.0,,2017-06-12,12.0,28.0,15.0,4.0,1.0,12.0,,0.0,GREECE,,50.0,LESBOS,38.93,26.365,0.4,1.0,,,,,,,,right_only,510,5.0,2017-06-12
,,,,7.7,,,2017.0,7.0,17.0,,2017-07-17,23.0,35.0,14.0,4.0,1.0,10.0,,0.0,RUSSIA,,86.0,BERING ISLAND,54.443000000000005,168.857,0.1,1.0,,,,,,,,right_only,511,395.0,2017-07-17
,,,,6.6,,,2017.0,7.0,20.0,,2017-07-20,22.0,31.0,26.0,4.0,1.0,7.0,,0.0,TURKEY,,50.0,GULF OF GKOVA,36.929,27.414,1.9,40.0,,,,,,,,right_only,512,226.0,2017-07-20
,,,,8.2,,,2017.0,9.0,8.0,,2017-09-08,4.0,49.0,2.0,4.0,1.0,46.0,,1.0,MEXICO,,88.0,S. MEXICO,14.761,-94.103,2.7,66.0,,,,,,,,right_only,513,11585.0,2017-09-08
,,,,6.7,,,2017.0,10.0,31.0,,2017-10-31,0.0,43.0,12.0,4.0,1.0,24.0,,0.0,NEW CALEDONIA,,82.0,LOYALTY ISLANDS,-21.697,169.149,0.15,4.0,,,,,,,,right_only,514,257.0,2017-10-31
,,,,6.6,,,2017.0,11.0,1.0,,2017-11-01,2.0,24.0,7.0,4.0,1.0,22.0,,0.0,NEW CALEDONIA,,82.0,LOYALTY ISLANDS,-21.648000000000003,168.859,0.1,4.0,,,,,,,,right_only,515,239.0,2017-11-01
,,,,6.3,,,2017.0,11.0,19.0,,2017-11-19,9.0,26.0,13.0,4.0,1.0,14.0,,0.0,NEW CALEDONIA,,82.0,LOYALTY ISLANDS,-21.638,168.673,0.05,1.0,,,,,,,,right_only,516,209.0,2017-11-19
,,,,6.6,,,2017.0,11.0,19.0,,2017-11-19,15.0,10.0,28.0,4.0,1.0,13.0,,0.0,NEW CALEDONIA,,82.0,LOYALTY ISLANDS,-21.503,168.59799999999998,0.08,1.0,,,,,,,,right_only,517,205.0,2017-11-19
,,,,7.0,,,2017.0,11.0,19.0,,2017-11-19,22.0,43.0,25.0,4.0,1.0,10.0,,0.0,NEW CALEDONIA,,82.0,LOYALTY ISLANDS,-21.325,168.672,0.37,5.0,,,,,,,,right_only,518,254.0,2017-11-19
,,,,7.5,,,2018.0,1.0,10.0,,2018-01-10,2.0,51.0,31.0,4.0,1.0,10.0,,0.0,HONDURAS,,74.0,OFF COAST OF HONDURAS,17.474,-83.51899999999999,0.4,6.0,,,,,,,,right_only,519,593.0,2018-01-10
2018-01-14T09:18:45.540Z,-15.7675,-74.7092,39.0,7.1,"38km SSW of Acari, Peru",earthquake,2018.0,1.0,14.0,2018-01-14,2018-01-14,9.0,18.0,45.0,4.0,1.0,36.0,,0.0,PERU,,89.0,S. PERU,-15.776,-74.744,0.15,4.0,,,,,,,,both,520,541.0,2018-01-14
,,,,7.9,,,2018.0,1.0,23.0,,2018-01-23,9.0,31.0,42.0,4.0,1.0,25.0,,0.0,USA,AK,87.0,"KODIAK ISLAND, AK",56.04600000000001,-149.07299999999998,0.25,38.0,,,,,,,,right_only,521,8184.0,2018-01-23
,,,,6.9,,,2018.0,5.0,4.0,,2018-05-04,22.0,32.0,55.0,4.0,4.0,5.0,6864.0,0.0,USA,HI,80.0,HAWAII,19.37,-155.032,0.4,7.0,,,,,,,,right_only,523,533.0,2018-05-04
,,,,6.9,,,2018.0,8.0,5.0,,2018-08-05,11.0,46.0,37.0,4.0,1.0,31.0,,0.0,INDONESIA,,60.0,BALI SEA,-8.287,116.45200000000001,0.14,4.0,,,,,,,,right_only,524,146.0,2018-08-05
,,,,7.3,,,2018.0,8.0,21.0,,2018-08-21,21.0,31.0,46.0,2.0,1.0,154.0,,0.0,VENEZUELA,,74.0,SUCRE,10.855,-62.883,,1.0,,,,,,,,right_only,525,136.0,2018-08-21
2018-08-29T03:51:56.100Z,-22.0295,170.1262,21.43,7.1,"202km WNW of Ile Hunter, New Caledonia",earthquake,2018.0,8.0,29.0,2018-08-29,2018-08-29,3.0,51.0,56.0,4.0,1.0,27.0,,0.0,NEW CALEDONIA,,82.0,LOYALTY ISLANDS,-22.066,170.05,0.27,7.0,,,,,,,,both,526,978.0,2018-08-29
,,,,7.5,,,2018.0,9.0,28.0,,2018-09-28,10.0,2.0,43.0,4.0,3.0,10.0,,1.0,INDONESIA,,83.0,SULAWESI,-0.17800000000000002,119.84,10.73,291.0,,,,3879.0,,4612.0,1500.0,right_only,527,298.0,2018-09-28
2018-10-16T01:03:43.580Z,-21.7427,169.5217,17.0,6.5,"170km E of Tadine, New Caledonia",earthquake,2018.0,10.0,16.0,2018-10-16,2018-10-16,1.0,3.0,43.0,4.0,1.0,17.0,,0.0,NEW CALEDONIA,,82.0,LOYALTY ISLANDS,-21.743000000000002,169.52200000000002,0.05,1.0,,,,,,,,both,528,294.0,2018-10-16
,,,,6.8,,,2018.0,10.0,25.0,,2018-10-25,22.0,54.0,51.0,4.0,1.0,14.0,,0.0,GREECE,,50.0,IONIAN SEA,37.506,20.563000000000002,0.5,6.0,,,,,,,,right_only,529,569.0,2018-10-25
2018-12-05T04:18:08.420Z,-21.9496,169.4266,10.0,7.5,"165km ESE of Tadine, New Caledonia",earthquake,2018.0,12.0,5.0,2018-12-05,2018-12-05,4.0,18.0,8.0,4.0,1.0,10.0,,0.0,NEW CALEDONIA,,81.0,LOYALTY ISLANDS,-21.969,169.446,2.0,30.0,,,,,,,,both,530,6005.0,2018-12-05
2019-06-14T00:19:12.401Z,-30.0557,-72.0819,11.0,6.4,"72km W of Coquimbo, Chile",earthquake,2019.0,6.0,14.0,2019-06-14,2019-06-14,0.0,19.0,12.0,4.0,1.0,11.0,,0.0,CHILE,,89.0,CENTRAL CHILE,-30.055999999999997,-72.082,0.07,1.0,,,,,,,,both,531,53.0,2019-06-14
,,,,7.2,,,2019.0,6.0,15.0,,2019-06-15,22.0,55.0,2.0,4.0,1.0,34.0,,0.0,NEW ZEALAND,,81.0,"S OF RAOUL ISLAND, KERMADEC ISLANDS",-30.805,-178.095,0.14,7.0,,,,,,,,right_only,532,1317.0,2019-06-15
2019-06-18T13:22:19.010Z,38.6391,139.4769,12.0,6.4,"31km WSW of Tsuruoka, Japan",earthquake,2019.0,6.0,18.0,2019-06-18,2019-06-18,13.0,22.0,19.0,4.0,1.0,12.0,,0.0,JAPAN,,85.0,NIIGATA,38.646,139.472,0.1,5.0,,,,,,,,both,533,265.0,2019-06-18
2019-11-14T16:17:40.578Z,1.6213,126.4156,33.0,7.1,"138km E of Bitung, Indonesia",earthquake,2019.0,11.0,14.0,2019-11-14,2019-11-14,16.0,17.0,40.0,4.0,1.0,33.0,,0.0,INDONESIA,,83.0,N. MOLUCCAS ISLANDS,1.6,126.416,0.11,3.0,,,,,,,,both,534,141.0,2019-11-14
,,,,6.4,,,2020.0,1.0,7.0,,2020-01-07,8.0,24.0,26.0,4.0,1.0,10.0,,0.0,USA TERRITORY,PR,74.0,PUERTO RICO,17.916,-66.813,0.06,6.0,,,,,,,,right_only,535,225.0,2020-01-07
,,,,7.7,,,2020.0,1.0,28.0,,2020-01-28,19.0,10.0,25.0,4.0,1.0,10.0,,0.0,CUBA,,74.0,OFF SE COAST,19.44,-78.755,0.11,2.0,,,,,,,,right_only,536,862.0,2020-01-28
,,,,7.5,,,2020.0,3.0,25.0,,2020-03-25,2.0,49.0,21.0,4.0,1.0,57.0,,0.0,RUSSIA,,86.0,N. KURIL ISLANDS,48.986000000000004,157.69299999999998,0.5,10.0,,,,,,,,right_only,537,5884.0,2020-03-25
